job	salary	city	frequency	duration	company_name	company_scale	advantage
春招—后端研发实习生（Java)	180-250/天	上海	5天/周	3个月	阅文集团	500-2000人	上市公司 上市公司，起点中文网，QQ阅读
php开发工程师	150-200/天	北京	4天/周	4个月	真融宝	150-500人	互联网金融餐补良好的工作氛围有转正机会 
Java开发工程师—实习	200-250/天	北京	5天/周	3个月	水滴	2000人以上	行业独角兽扁平化管理年轻化团队发展空间大可转正实习留学生实习 行业前景好，移动互联，医疗健康
互联网猎头管培生	100-150/天	济南	5天/周	8个月	酷聘人才	50-150人	算法猎头顶级大牛快速发展 思想碰撞，锻炼人，薪酬福利好，充分信任，有培训，业内认可度高，领导Nice，AI，区块链，有激情，无政治，有发展前景，成长快，人力资源，满满的实习干货
AI算法工程师	150-300/天	北京	5天/周	3个月	中海纪元	500-2000人	可转正实习 可转正，国资委控股，智慧城市
算法实习生	100-150/天	厦门	5天/周	3个月	星宸科技	50-150人	暑期实习实习证明 同事年轻友好，五险一金，年度旅游，带薪年假，股票期权，定期体检
算法工程师（人工智能）-实习	150-200/天	杭州	5天/周	3个月	中控信息	500-2000人	交通补贴团队氛围弹性工时导师制 福利待遇佳，成长空间广，培训机会多，一对一导师，免费班车，氛围融洽
图像算法实习生（开发调试方向）	300-300/天	北京	5天/周	5个月	NIO蔚来	2000人以上	餐补弹性工作时间 团队体验，有憧憬，有发展，用户企业，成长快速，工作氛围优良，免费班车
计算机视觉	200-300/天	北京	4天/周	3个月	英特尔	500-2000人	弹性工作 名企实习，免费零食茶饮
AI数据处理工程师（实习生）	100-200/天	上海	5天/周	3个月	 忆芯科技 	150-500人	暑期实习接受大一大二实习津贴 团队出游，专业的培训，团队大牛多，同事好相处，带薪年假，生日礼金
推荐算法实习生	120-200/天	深圳	5天/周	3个月	TCL实业	2000人以上	互联网平台大厂优势 同事热情，人力资源巨头，文化开放，无限水果零食，机制健全，独栋写字楼，关注员工发展，员工俱乐部
算法实习生	400-400/天	北京	5天/周	3个月	字节跳动	2000人以上	免费三餐健身房不限量零食租房补贴下午茶 亿级日活平台，今日头条，抖音，年轻、扁平、透明，免费三餐健身房，租房补贴
南京-NLP算法实习生	200-250/天	南京	5天/周	6个月	感易智能	15-50人	技术前沿ailab 一流团队，金融数据 AI，快速发展，成长空间++，高科技
编译及应用研发工程师	300-500/天	北京	4天/周	9个月	国际人才	150-500人	汇编语言C++linux主流嵌入式编译 国企，团队靠谱，朝九晚五，工作生活平衡
图像算法实习生（算法验证方向）	300-400/天	北京	5天/周	5个月	NIO蔚来	2000人以上	弹性工作实习证明餐补 团队体验，有憧憬，有发展，用户企业，成长快速，工作氛围优良，免费班车
5G链路级仿真平台开发实习生	300-400/天	北京	4天/周	3个月	联发科技	500-2000人	可转正实习 
scratch课程开发及讲师	200-250/天	深圳	6天/周	4个月	腾云航空无人机	15-50人	创客教育AI年终奖可转正 无人机，创客，steam，航拍，maker，aopa，民航
机器人控制算法实习生	80-147/天	深圳	6天/周	12个月	Xeno Dynamics	15-50人	转正机会深造机会 广阔发展平台，办公氛围好，专业强，员工年度旅游，年轻团队，股票期权，实习留任，办公环境舒适，名校奖学金计划，零食
网络安全工程师	100-180/天	北京	4天/周	12个月	中科院软件所	500-2000人	舒适办公环境 领先技术水平优秀团队科研单位 
图像算法实习岗	150-200/天	广州	5天/周	12个月	英卓电子	15-50人	物联网+图像3D点云轨迹融合海思CaffeOpenCV 物联网，智能电子信息技术，互联网，创业团队，技术牛人多，B2B
算法实习生	200-300/天	北京	3天/周	6个月	透彻影像	15-50人	人工智能医疗深度学习图像分析精英团队氛围好 人工智能，精英团队，弹性工作，扁平管理，技能培训
AI数据标注实习生	120-180/天	上海	5天/周	6个月	深杳智能	500-2000人	可长期实习转正 引发成长动力，专业，高效，环境轻松
图像处理实习生	250-300/天	北京	3天/周	4个月	东芝中国	2000人以上	学以致用 技术核心，企业背景好，五险一金双休，集中办公，团队优异，生活便利，有成长空间
job	salary	city	frequency	duration	company_name	company_scale	advantage
深度学习算法实习生-A0131	150-300/天	上海	4天/周	13个月	 合合信息科技 	150-500人	免费班车免费早晚餐年度旅游定期团建团队氛围超级棒 晋升空间明确，牛逼团队，年轻，吃得好氛围好，不打卡，双休日
视频处理算法工程师	150-250/天	北京	5天/周	3个月	联想研究院	2000人以上	暑期实习免费健身房 累积专业经验，科研，工作环境棒
编程类讲师	80-150/天	成都	5天/周	6个月	datacastle	15-50人	编程K12大数据算法 免费下午茶，公司发展前景，能学习，高档办公楼，锻炼能力，节日生日礼物
系统安全分析工程师	100-200/天	北京	5天/周	3个月	中科院软件所	500-2000人	全球领先的技术科研机构优秀的团队舒适的办公环境 
推荐算法实习生	200-400/天	上海	5天/周	3个月	Soul APP	500-2000人	大牛云集转正 有大牛，晋升快，老板谦和，快乐的大家庭，男帅女美，免费零食供应，就是high，环境氛围好，志同道合，机会
算法实习生	150-200/天	上海	3天/周	5个月	犀语科技	50-150人	可转正实习留学生实习实习津贴 人工智能，金融数据产品，扁平化管理，欢乐氛围，福利完善
算法实习生	300-400/天	北京	5天/周	3个月	字节跳动	2000人以上	提供房补团队氛围好免费三餐下午茶自我提升 亿级日活平台，今日头条，抖音，年轻、扁平、透明，免费三餐健身房，租房补贴
算法实习生（大数据方向）	150-200/天	北京	5天/周	3个月	网易	2000人以上	大厂实习三餐免费班车接送 社保，福利多，氛围nice，办公室氛围好，同事好相处
生成模型-AI算法工程师	250-500/天	深圳	5天/周	3个月	小焙科技	少于15人	硅谷大牛人工智能前沿科技生成模型GAN 硅谷，大牛，团队气氛超赞，发展机会，综合平台，牛人遍布
深度学习图像算法	150-200/天	厦门	7天/周	9个月	Manteia数据科技	15-50人	有前景的项目办公环境优美团队氛围好 
算法工程师	150-200/天	北京	5天/周	3个月	大瞬科技	50-150人	定期体检福利较好 大梦想，福利待遇良好
大数据开发与数据分析实习生	150-200/天	北京	5天/周	3个月	网易	2000人以上	大厂实习三餐免费班车接送 社保，福利多，氛围nice，办公室氛围好，同事好相处
算法实习生	150-200/天	南京	5天/周	4个月	地平线机器人技术	500-2000人	实习证明 Fun，技术牛人多，充满挑战，校招，高薪水
NLP算法实习生	200-300/天	北京	5天/周	7个月	青藤云安全	150-500人	技术大牛 不打卡，双休，技术大拿，早10晚7
算法工程师	180-250/天	北京	5天/周	9个月	鹏博士大数据	500-2000人	可转正实习 超强团队，技术前沿，互联网运营，活跃的氛围，周末双休&amp;五险一金，年轻团队，团建&amp;amp;出国游
遥感图像分割算法实习生	200-300/天	北京	3天/周	3个月	富士通研发	50-150人	远程实习暑期实习留学生实习 团队融洽有爱，环境优美，交通便利，接收应届生
遥感影像（检测、分割）算法实习生	200-300/天	北京	3天/周	3个月	富士通研发	50-150人	远程实习暑期实习留学生实习地铁周边 团队融洽有爱，环境优美，交通便利，接收应届生
语音识别实习生	200-300/天	北京	5天/周	6个月	平安科技	2000人以上	实习津贴地铁周边可转正实习 
NLP算法实习（西安）	300-500/天	西安	5天/周	6个月	拾音智能	50-150人	可转正实习 
机器人轨迹规划算法实习生	200-300/天	北京	4天/周	3个月	梅卡曼德 	150-500人	清华海归团队 英特尔投资不限量零食下午 机器学习，五险一金，饭补车补，清华海归团队，十四薪，周年红包
深度学习算法实习生	200-250/天	北京	3天/周	3个月	富士通研发	50-150人	好的技术团队学习环境 团队融洽有爱，环境优美，交通便利，接收应届生
计算机视觉算法工程师	100-150/天	深圳	5天/周	3个月	中智人工智能	15-50人	留学生实习可转正地铁周边定期团建 
计算机视觉算法工程师	800-1000/天	北京	5天/周	12个月	中网汇智	2000人以上	人工智能博士海归 IT 计算机 java 测试 项目 企培，孵化入驻，环境优雅，规范化，带薪培训，10点上班
运筹优化算法	200-300/天	深圳	5天/周	3个月	SHEIN	2000人以上	可转正实习实习津贴节日福利 快时尚，跨境电商，去中心化，互联网
算法工程师	200-300/天	深圳	5天/周	5个月	SHEIN	2000人以上	可转正周末双休实习证明 快时尚，跨境电商，去中心化，互联网
计算机视觉算法工程师	300-400/天	北京	3天/周	4个月	深思考Ideepwise	50-150人	前沿行业导师制住宿 北京，弹性工作，留用机会大，免费宿舍提供，本科及以上，可转正，薪资奖励机制
机器学习与算法工程师	200-400/天	北京	3天/周	3个月	深思考Ideepwise	50-150人	纯AI公司导师制前沿行业 北京，弹性工作，留用机会大，免费宿舍提供，本科及以上，可转正，薪资奖励机制
自然语言处理算法工程师	300-400/天	北京	3天/周	3个月	深思考Ideepwise	50-150人	纯AI行业导师制高薪住宿 北京，弹性工作，留用机会大，免费宿舍提供，本科及以上，可转正，薪资奖励机制
视觉算法研究员（上海）	200-300/天	上海	5天/周	3个月	平安科技	2000人以上	地铁周边实习津贴 
算法实习生	120-150/天	天津	3天/周	3个月	 易华录	500-2000人	实习证明可转正实习暑期实习 大数据，智能交通，公司环境好，氛围自由，精英team
智能驾驶决策算法实习生	150-300/天	北京	5天/周	3个月	恒润科技	500-2000人	可转正实习实习证明弹性工作地铁周边房补餐补 有挑战性，自由
数学建模工程师	100-120/天	南京	3天/周	4个月	伊顿纪德	150-500人	可转正实习 发展前景大，行业领导者，央企实习
电子与算法实习生	50-80/天	苏州	5天/周	12个月	斯玛维	15-50人	项目即将产业化周末双休免费健身房 学术氛围浓郁，导师指导，事业单位，交叉学科，人工智能
知识图谱方向-算法实习生	250-300/天	北京	5天/周	3个月	望石智慧	15-50人	带薪年假周末双休大牛多餐补地铁周边下午茶 大牛多，行业前景好，五险一金，14薪，带薪年假，弹性工作，期权
腾讯音乐视频理解算法工程师	200-250/天	深圳	5天/周	6个月	腾讯音乐	2000人以上	远程实习 漂亮学霸多，提供班车
图森未来-感知算法（融合与预测）-校招/实习	500-800/天	北京	4天/周	3个月	实习僧校招内推助手	50-150人	免费三餐提供住宿弹性工作制核心大牛团队 
图森未来-感知算法（深度学习方向）-校招/实习	400-500/天	北京	4天/周	3个月	实习僧校招内推助手	50-150人	免费三餐提供住宿大牛核心团队弹性工作制 
算法工程师	100-100/天	长春	5天/周	3个月	一汽-大众	2000人以上	可转正实习暑期实习留学生实习 年轻团队，假期福利，富有挑战性，学习成长空间，全额五险一金，职位晋升
高级算法工程师	400-800/天	北京	5天/周	5个月	赛诺联合医疗	50-150人	五险一金双休员工福利可转正实习 
算法工程师-实习生	300-500/天	北京	5天/周	5个月	赛诺联合医疗	50-150人	五险一金双休员工福利可转正实习 
软件工程师（偏图像算法）	400-800/天	北京	5天/周	5个月	赛诺联合医疗	50-150人	五险一金双休员工福利可转正实习 
算法工程师	120-180/天	杭州	4天/周	12个月	邦盛科技	500-2000人	可转正实习技术大牛 热数据，实时，机器学习
语音识别/合成算法实习生	150-200/天	深圳	5天/周	3个月	虎牙	2000人以上	弹性工作免费咖啡节日福利地铁周边实习津贴 自带食堂，扁平化组织，互联网产业，水果零食，电竞，公司平台大
语音识别/合成算法实习生	150-200/天	广州	4天/周	3个月	虎牙	2000人以上	实习津贴节日福利免费咖啡实习证明定期团建 自带食堂，扁平化组织，互联网产业，水果零食，电竞，公司平台大
自然语言处理（NLP）算法实习生	150-200/天	广州	5天/周	3个月	虎牙	2000人以上	实习津贴地铁周边弹性工作实习证明定期团建地铁周边 自带食堂，扁平化组织，互联网产业，水果零食，电竞，公司平台大
算法实习生（算法&图计算）	180-300/天	杭州	3天/周	6个月	邦盛科技	500-2000人	可转正实习大三研一研二福利齐全 热数据，实时，机器学习
算法优化工程师（实习）	150-250/天	北京	6天/周	3个月	聚力维度	50-150人	影视智能背靠巨头清华合作科研文化 工作环境好，有大神，学到东西多，下午茶，地铁沿线
算法实习生（2021届）	150-200/天	天津	5天/周	3个月	上海爱数	500-2000人	可转正实习生日福利餐补房补 技术牛人云集，办公环境卫生，不打杂！，年底双薪，弹性管理，带薪假期，发工资准时，技术分享，行业领先，五险一金 周末双休
算法开发实习生	100-200/天	珠海	5天/周	3个月	西山居	500-2000人	包三餐提供住宿海景办公平台机会 共同成长学习，一周休两天，能力锻炼，活跃的工作环境，招聘实习生，一日三餐，集团背景，老板人很帅，福利体系完善，食堂堪比五星级
算法平台开发工程师	100-180/天	珠海	5天/周	3个月	西山居	500-2000人	包吃包住大平台 共同成长学习，一周休两天，能力锻炼，活跃的工作环境，招聘实习生，一日三餐，集团背景，老板人很帅，福利体系完善，食堂堪比五星级
语音算法工程师（AI方向）	150-250/天	杭州	5天/周	6个月	vivo智能手机	2000人以上	可转正实习餐补弹性工作商业险 互联网，智能手机
“数字人”项目算法实习生	150-200/天	广州	4天/周	3个月	虎牙	2000人以上	可转正实习实习证明实习津贴定期团建地铁周边 自带食堂，扁平化组织，互联网产业，水果零食，电竞，公司平台大
推荐算法实习生	150-200/天	杭州	5天/周	6个月	网易	2000人以上	免费三餐实习津贴异地房补 社保，福利多，氛围nice，办公室氛围好，同事好相处
知识图谱博士后	180-300/天	北京	5天/周	12个月	用友集团	500-2000人	留学生实习可转正实习 成长机会多，企业互联网化，有竞争力薪资，节假日生日福利，环境氛围好，福利待遇优，带薪年休假、节日福利，有食堂&amp;班车，一年14薪，双休&五险一金
GNSS算法工程师	180-200/天	上海	5天/周	5个月	时空道宇	150-500人	可转正实习实习津贴实习证明定期团建周末双休下午茶生日福利节日福利 双休&五险一金，规范化，高端人才合作
机器人模仿学习算法实习生	200-250/天	杭州	5天/周	3个月	北大信研院	150-500人	实习津贴地铁周边 发展潜力大，优厚薪资，氛围融洽，带薪年假，五险一金
算法实习生ZP2006154643	200-300/天	北京	5天/周	3个月	京东数科	2000人以上	免费班车 科技公司，金融服务，实习留用机制，福利丰富，团队年轻
算法实习生ZP2006188396	200-300/天	北京	5天/周	3个月	京东数科	2000人以上	餐补 科技公司，金融服务，实习留用机制，福利丰富，团队年轻
飞控算法工程师	100-150/天	珠海	5天/周	5天/周	紫燕无人飞行器	50-150人	开放式办公大量期权英雄文化大牛带队 同大牛交流，团队体验，活力，人工智能，无人机，期权
嵌入式算法工程师	80-100/天	珠海	5天/周	5天/周	紫燕无人飞行器	50-150人	嵌入式期权上升空间 同大牛交流，团队体验，活力，人工智能，无人机，期权
无人机视觉算法工程师	100-200/天	珠海	5天/周	3个月	紫燕无人飞行器	50-150人	可转正实习提供住宿实习津贴 同大牛交流，团队体验，活力，人工智能，无人机，期权
无人机视觉算法工程师	100-200/天	珠海	5天/周	3个月	紫燕无人飞行器	50-150人	可转正实习可转正绩效奖金年终奖 同大牛交流，团队体验，活力，人工智能，无人机，期权
SLAM开发工程师	150-300/天	宁波	4天/周	6个月	博登智能	少于15人	实习津贴可转正 待遇优越，发展平台大，大牛团队
算法实习生	120-150/天	青岛	5天/周	3个月	pico	150-500人	实习证明免费班车 优秀的团队，嘻嘻哈哈，垂直，定义未来，开放自由，待遇不错，领先薪资水平，各种活动，共同成长，丰厚薪水
深度学习算法实习生	100-150/天	福州	5天/周	3个月	帝视科技	15-50人	大牛亲自指导直接参与项目 技术大牛带教，同事非常nice，算法切磋，活力四射
图像处理实习生	80-100/天	福州	5天/周	12个月	帝视科技	15-50人	参与实际项目 技术大牛带教，同事非常nice，算法切磋，活力四射
印地语数据审核实习生	100-200/天	成都	3天/周	3个月	繁星数据	15-50人	人工智能印地语 人工智能，大数据
算法实习生	120-200/天	北京	5天/周	6个月	恒润科技	500-2000人	可转正实习地铁周边弹性工作 有挑战性，自由
NLP实习生	200-400/天	广州	2天/周	4个月	快决测科技	50-150人	可转正实习年终奖 创新 ，晋升空间大，成长培训
Moseeker测试职位,勿投1	50-90/天	韶关	5天/周	3个月	寻前	少于15人	班车 
图像算法工程师	150-300/天	西安	5天/周	4个月	联合优创	50-150人	视觉图像算法图形学商业保险可转正实习 扁平管理，五险一金，年终多薪，带薪年假，员工持股计划，办公环境轻松，导师制培训，有牛人，年轻群体
算法指标测试实习生	150-300/天	北京	5天/周	4个月	实地集团	2000人以上	可转正实习 活泼挑战，以培养为重，节日福利，巨大成长空间，朝九晚五双休，拓展人脉，晋升渠道广，公司氛围好，公司很美
数字信号处理（算法）工程师	200-300/天	广州	5天/周	3个月	思林杰科技	150-500人	周末双休可转正实习 
爬虫实习生	100-200/天	北京	5天/周	6个月	金山云	500-2000人	下午茶周末双休 三餐免费，上下班不打卡，健身房，住宿补贴，有底薪，高层前辈多，行业顶尖，免费培训，零食饮品，热情团队
NLP算法工程师	180-250/天	北京	5天/周	3个月	Mobility Asia	150-500人	可转正实习 全球10强，外企独资，智慧出行生态，智能车联网，大数据，该有的都有
算法-声音信号处理	300-300/天	上海	5天/周	4个月	问境科技	15-50人	周末双休生日福利免费咖啡实习证明下午茶弹性工作不打卡定期团建可转正 
后端开发工程师	200-300/天	北京	5天/周	6个月	平安科技	2000人以上	地铁周边实习津贴 
语音识别实习生	200-300/天	北京	5天/周	3个月	平安科技	2000人以上	可转正实习实习津贴地铁附近 
算法工程师（应届生）	200-300/天	北京	5天/周	2个月	开域集团	500-2000人	可转正实习弹性工作生日会 双休& 五险，行业领跑，超长带薪年假，地理位置优越
算法与引擎测试实习生	100-100/天	合肥	5天/周	3个月	百得思维	2000人以上	上市公司餐补住宿福利好转正机会可转正实习节日福利免费班车 行业领先，广阔的平台，IT软件，互联网+教育，活力& 创新，各种团建
算法研究员实习生	300-400/天	香港	5天/周	5个月	SenseTime商汤科技	150-500人	可转正实习AI独角兽行业前景好成长迅速 高成长，专业培训，各种福利，专业的平台，发展空间，水果管饱，年假，技术提升，待遇不错，有成长空间
算法工程师	120-120/天	福州	5天/周	6个月	星网锐捷	2000人以上	周末双休周末双休实习津贴 一年14薪，氛围好环境好，靠谱团队，福利健全，下午茶水果，创新，该有的都有
算法研究	100-200/天	上海	5天/周	6个月	华院数据	2000人以上	可转正实习留学生实习 学院氛围，很多牛人大咖
实习生-算法与引擎测试	80-120/天	合肥	5天/周	6个月	百得思维	2000人以上	餐补免费班车 行业领先，广阔的平台，IT软件，互联网+教育，活力& 创新，各种团建
语音算法实习生（2021届）J12571	400-500/天	北京	4天/周	3个月	VIPKID	2000人以上	暑期实习大咖云集行业独角兽 互联网+教育，纯北美外教，国际化、高速发展，平台高、机会多、锻炼能力，精英多多，英语，激情，工资+餐补，五险一金，带薪休假
研发实习生	0-50/天	广州	3天/周	4个月	永哲信息	15-50人	远程实习暑期实习留学生实习不打卡 高端人脉，透明晋升
算法博士	300-500/天	杭州	5天/周	2个月	同花顺	2000人以上	可转正实习留学生实习带薪年假 免费健身，这里有梦想，户外拓展
仿真建模实习生	120-200/天	成都	3天/周	3个月	恒润科技	500-2000人	周末双休实习证明 有挑战性，自由
仿真建模实习生	120-200/天	天津	3天/周	3个月	恒润科技	500-2000人	实习证明 有挑战性，自由
自动驾驶规划算法实习生	180-180/天	广州	5天/周	3个月	小鹏汽车	2000人以上	导师一对一 自动驾驶，AI，互联网，整车研发
实习生-算法工程师	150-300/天	北京	5天/周	3个月	芯视界	50-150人	可转正实习 
Control Engineer Intern 控制算法实习生	120-180/天	嘉兴	5天/周	10个月	丹佛斯	2000人以上	可转正实习不加班周末双休 大牛带，年度体检，弹性，办公时间灵活，24小时免费香浓咖啡，机会多，成长机会大，员工Nice，免费零食茶饮，一年个次旅游
密码学工程师	400-500/天	上海	5天/周	3个月	同态科技	少于15人	可转正实习不打卡弹性工作周末双休定期团建 团队充满活力，不加班，十三薪，双休& 五险，提升空间大，牛人带队
实习遥感算法工程师	400-800/天	北京	5天/周	3个月	大地量子	15-50人	弹性上班零食下午茶出国团建 大数据，年轻化团队，出国带薪旅游，零食下午茶，创新& 活跃
3D点云成像算法工程师	100-200/天	杭州	4天/周	6个月	汉振HANCHINE	15-50人	技术牛人带领可转正实习 丰厚薪水，技术狂，超有爱，提供零食，团队建设
无人车规划算法实习生	250-400/天	北京	5天/周	3个月	慧拓无限	50-150人	弹性工作定期团建生日福利 90后氛围，胸怀天下，发展迅速，无人驾驶，技术大牛
图像算法工程师	200-400/天	台州	5天/周	3个月	水晶光电	2000人以上	五险年终奖 年底奖金，入职五险，免费培训，公司平台好，免费茶饮，结交八方朋友
计算机图形与运动仿真方向助理研究员（中科院特别研究助理）	150-300/天	北京	1天/周	12个月	中科院计算所	2000人以上	解决配偶户口解决户口事业编幼儿园小学 产业研究，平台高，工作氛围好，试用期全薪，双休，签客座协议提供住宿
计算机视觉内容分析助理研究员（中科院特别研究助理）	150-300/天	北京	1天/周	12个月	中科院计算所	2000人以上	解决配偶户口幼儿园小学 事业编 产业研究，平台高，工作氛围好，试用期全薪，双休，签客座协议提供住宿
多媒体内容分析高级算法工程师	150-300/天	北京	1天/周	12个月	中科院计算所	2000人以上	优秀团队 产业研究，平台高，工作氛围好，试用期全薪，双休，签客座协议提供住宿
大数据平台开发高级工程师	150-300/天	北京	1天/周	12个月	中科院计算所	2000人以上	事业编解决配偶户口解决户口幼儿园小学 产业研究，平台高，工作氛围好，试用期全薪，双休，签客座协议提供住宿
视频系统应用研究工程师/博士后	150-300/天	北京	1天/周	7个月	中科院计算所	2000人以上	解决配偶户口解决户口事业编幼儿园小学 产业研究，平台高，工作氛围好，试用期全薪，双休，签客座协议提供住宿
高通量应用和算法优化副研究员	200-300/天	北京	1天/周	6个月	中科院计算所	2000人以上	解决配偶户口解决户口编制幼儿园小学 产业研究，平台高，工作氛围好，试用期全薪，双休，签客座协议提供住宿
高级专业技术岗位（正高、副高）	500-1000/天	北京	1天/周	8个月	中科院计算所	2000人以上	解决配偶户口解决户口编制幼儿园小学住房保障科研启动经费 产业研究，平台高，工作氛围好，试用期全薪，双休，签客座协议提供住宿
系统并行化软件开发/软件及算法性能优化副研究员	100-200/天	北京	1天/周	6个月	中科院计算所	2000人以上	解决户口解决配偶户口幼儿园小学事业编 产业研究，平台高，工作氛围好，试用期全薪，双休，签客座协议提供住宿
泛在计算系统方向助理研究员	100-200/天	北京	3天/周	6个月	中科院计算所	2000人以上	解决配偶户口解决户口事业编幼儿园小学 产业研究，平台高，工作氛围好，试用期全薪，双休，签客座协议提供住宿
感知计算方向助理研究员	100-200/天	北京	3天/周	6个月	中科院计算所	2000人以上	解决配偶户口解决户口幼儿园小学事业编 产业研究，平台高，工作氛围好，试用期全薪，双休，签客座协议提供住宿
自然语言处理方向助理研究员	100-200/天	北京	3天/周	6个月	中科院计算所	2000人以上	解决户口解决配偶户口幼儿园小学事业编 产业研究，平台高，工作氛围好，试用期全薪，双休，签客座协议提供住宿
GNSS算法	645-967/天	上海	5天/周	8个月	国科微	150-500人	六险一金年度奖金 专业指导，广阔发展平台，上市公司
控制算法实习生	150-250/天	北京	4天/周	3个月	地平线	500-2000人	有转正机会 丰厚年终奖励，温馨家园，牛人集聚，业界牛人，发展前景广阔，学习机会多，薪酬补贴，氛围欢快
图像处理算法工程师实习生	200-300/天	上海	3天/周	5个月	乂义实业	少于15人	工作环境有活力 能够学到许多东西，有发展前景，幽默开放，敢创新，奖金少不了，双休&五险一金，成长，行业顶尖，实习补贴，毕业可转正
机器学习开发工程师-实习	150-200/天	杭州	5天/周	5天/周	中控信息	500-2000人	交通补贴团队氛围弹性工时 福利待遇佳，成长空间广，培训机会多，一对一导师，免费班车，氛围融洽
视觉算法研究员	200-300/天	深圳	3个月	3天/周	平安科技	2000人以上	地铁周边实习津贴 
AI实习生	160-300/天	北京	6个月	5天/周	深思考Ideepwise	50-150人	人才储备高几率留任导师制技术型公司学习氛围好 北京，弹性工作，留用机会大，免费宿舍提供，本科及以上，可转正，薪资奖励机制
机器学习实习生	200-400/天	北京	6个月	5天/周	深睿医疗	150-500人	可转正实习定期体检生日会免费咖啡实习证明绩效奖金生日福利弹性工作 人工智能，大牛，福利好，快速发展，机会多，水果零食，办公气氛自由，充满活力
机器学习工程师	100-150/天	深圳	3个月	5天/周	中智人工智能	15-50人	可转正团队和谐周末双休留学生实习 
算法实习工程师	200-300/天	北京	6个月	5天/周	网易有道	500-2000人	可转正实习免费三餐实习证明下午茶免费班车房补 免费班车，轻松活跃，领导逗比，研发，行业经验丰富，有创意，员工食堂，互联网教育
算法工程实习	250-300/天	北京	4天/周	8个月	深维智信	15-50人	在管数百亿投资机构领投和全球计算机H-index 华人TOP10跟投智能会话协同让沟通更有效率。 产品创新，有挑战，创业经验，实习工资高，可留任，品类开创者
机器学习算法实习生	250-300/天	北京	4天/周	6个月	深维智信	15-50人	远程实习可转正实习留学生实习实习津贴下午茶五险一金地铁周边免费咖啡 产品创新，有挑战，创业经验，实习工资高，可留任，品类开创者
开发工程师	100-150/天	杭州	5天/周	6个月	快准	500-2000人	可转正实习 学习机会多多
图形算法实习生	200-250/天	北京	4天/周	5天/周	奥本未来	15-50人	可转正实习高新技术哈佛大牛包午餐 学习机会大，发展快，初创公司，零食不限量，精英team，有期权，优越办公环境，创始团队成员，风口产业，免费午餐
电机控制软件工程师	200-400/天	苏州	6个月	5天/周	东成机电	2000人以上	绩效奖金带薪年假餐补周末双休五险一金氛围好 公司规模大，工作氛围好，福利待遇好，管理规范，免费食宿，技能培训
算法工程师实习生	300-300/天	上海	3个月	3天/周	小红书	500-2000人	互联网大厂免费三餐实习补贴 环境优越，团队牛，有吃喝有梦想，互联网招聘
量化FOF研究实习生	100-200/天	深圳	5天/周	3个月	思迪信息	500-2000人	可转正实习地铁周边 内容丰富，成长速度快，良好团队氛围，发展前景
量化FOF研究实习生（机器学习）	120-200/天	深圳	5天/周	6个月	思迪信息	500-2000人	可转正实习不加班 内容丰富，成长速度快，良好团队氛围，发展前景
算法工程师	150-200/天	深圳	5天/周	3个月	图灵视觉	15-50人	可转正实习接受大一大二留学生实习 精益创业，机器学习，移动游戏，AR产品
算法工程师（优秀毕业生）	200-250/天	杭州	4天/周	3个月	火石创造	150-500人	可转正实习周末双休 火石学堂，和优秀的人在一起，学习和创造是我们的信仰，成长伙伴，个性福利，弹性工作制
抖音-视频算法实习生	300-400/天	上海	5天/周	3个月	字节跳动	2000人以上	业界高水平薪资1000租房补免费三餐下午茶超燃健身房零食无限量技术大牛带你飞 亿级日活平台，今日头条，抖音，年轻、扁平、透明，免费三餐健身房，租房补贴
自然语言处理（NLP）算法实习生	150-200/天	深圳	4天/周	3个月	虎牙	2000人以上	弹性工作实习证明实习津贴定期团建节日福利免费咖啡地铁周边 自带食堂，扁平化组织，互联网产业，水果零食，电竞，公司平台大
计算机视觉算法实习生	200-300/天	北京	4天/周	6个月	梅卡曼德 	150-500人	大牛团队高速成长 机器学习，五险一金，饭补车补，清华海归团队，十四薪，周年红包
NLP算法实习生	300-500/天	北京	3天/周	3个月	循环智能	15-50人	可转正实习不打卡 双休法定假日
深度学习算法实习生--视觉方向	500-800/天	北京	5天/周	5个月	猿辅导	500-2000人	可转正实习免费健身房 五险一金，带薪年假，绩效奖金多，晋升空间大，期权激励，各种节日福利，零食饮料不限量供应，年度国外旅游，高大上免费健身，办公环境舒适
NLP算法实习生	200-300/天	北京	5天/周	2个月	青藤云安全	150-500人	可转正实习生日会生日福利 不打卡，双休，技术大拿，早10晚7
基带算法实习生	80-120/天	南京	5天/周	3个月	南京创研院	50-150人	免费班车定期团建实习津贴 小福利不断，简单，可依赖，产品有前景，硬核资源
算法实习生	150-200/天	北京	5天/周	6个月	星衡科技	15-50人	弹性工作加班补助餐补 下午茶，团队融洽有爱，留用机会，活跃的氛围，良好工作环境，福利多多
推荐算法实习生	150-200/天	杭州	5天/周	6个月	网易	2000人以上	免费班车房补实习证明实习津贴免费三餐 社保，福利多，氛围nice，办公室氛围好，同事好相处
算法工程师实习生	300-400/天	香港	5天/周	5个月	SenseTime商汤科技	150-500人	AI超级独角兽行业前景好成长快可转正实习 高成长，专业培训，各种福利，专业的平台，发展空间，水果管饱，年假，技术提升，待遇不错，有成长空间
信号处理实习生	0-50/天	全国	5天/周	3个月	仟言	500-2000人	锻炼机会多可参与比赛留学生实习远程实习 
算法实习生——路径规划方向	150-300/天	北京	5天/周	3个月	恒润科技	500-2000人	可转正实习实习证明弹性工作地铁周边住宿补贴 有挑战性，自由
语音识别实习生	0-50/天	全国	5天/周	3个月	仟言	500-2000人	锻炼机会多可参与比赛留学生实习远程实习 
视觉/图形学算法实习生	200-400/天	北京	4天/周	5天/周	迈吉客科技	15-50人	学术前沿优先转正丰厚的福利待遇 行研，寻找自己，国际视野，前景好，参与团队决策，有转正机会
机器人算法实习生-机器人感知算法	150-250/天	北京	3个月	5天/周	真机智能	15-50人	行业前景团队氛围 行业大咖，顶尖产品，精益创业，接受应届生，五道口，清华，有创意有乐趣，行业革新者，硅谷風投，无人车
算法实习生	80-120/天	南京	3个月	5天/周	南京创研院	50-150人	周末双休年终奖 小福利不断，简单，可依赖，产品有前景，硬核资源
自动驾驶感知算法研发（实习）	300-500/天	上海	6个月	5天/周	SenseTime商汤科技	150-500人	可转正实习大神导师可发paper实际落地待遇优渥工作强度大工作有挑战 高成长，专业培训，各种福利，专业的平台，发展空间，水果管饱，年假，技术提升，待遇不错，有成长空间
图像识别-算法实习生	300-400/天	北京	3个月	4天/周	望石智慧	15-50人	地铁周边定期团建大牛多一对一导师有餐补可转正实习 大牛多，行业前景好，五险一金，14薪，带薪年假，弹性工作，期权
自然语言处理实习生	300-400/天	北京	3个月	5天/周	第四范式	500-2000人	远程实习可转正实习节日福利 独角兽，AI
推荐算法实习生	150-200/天	杭州	3个月	4天/周	网易	2000人以上	实习证明免费三餐免费班车 社保，福利多，氛围nice，办公室氛围好，同事好相处
推荐算法实习生	400-500/天	北京	3个月	3天/周	第四范式	500-2000人	AI独角兽公司超赞技术团队领先实习薪资紧邻地铁 独角兽，AI
【2020校招】算法工程师	300-500/天	北京	3个月	4天/周	小黑盒&Max+	50-150人	电竞游戏北大博士腾讯大牛互联网大数据优秀团队提前转正 电竞游戏，互联网大数据，创新思维，BAT大牛团队，行业巨头，环境氛围好，转正机会，周末双休，无限供应零食及下午茶，每周团建&团队旅游
语音识别算法实习生	300-400/天	北京	3个月	4天/周	第四范式	500-2000人	远程实习可转正实习免费咖啡实习证明 独角兽，AI
抖音-图形图像算法实习生	300-400/天	上海	3个月	5天/周	字节跳动	2000人以上	业界高水平薪资1000租房补免费三餐下午茶超燃健身房零食无限量技术大牛带你飞 亿级日活平台，今日头条，抖音，年轻、扁平、透明，免费三餐健身房，租房补贴
图像算法工程师	200-400/天	上海	3个月	4天/周	海深智能	15-50人	可转正实习留学生实习不打卡周末双休免费三餐 带薪假，上海实习，技术大牛多，无限零食，不打杂！，接触优质资源
计算机视觉算法实习生	200-250/天	北京	5天/周	3个月	奥本未来	15-50人	可转正实习包午餐高新技术哈佛大牛周末双休 学习机会大，发展快，初创公司，零食不限量，精英team，有期权，优越办公环境，创始团队成员，风口产业，免费午餐
推荐算法实习生	180-250/天	成都	5天/周	3个月	慧择网	500-2000人	可转正实习下午茶免费咖啡 年轻;活力，晋升神速，商业
人工智能大数据开发工程师	100-120/天	上海	4天/周	12个月	新潮传媒	2000人以上	周末双休可转正实习 全国市场，朝阳行业，业界牛人，导师制培训，团队牛，公司平台大
算法研究员	250-250/天	北京	4天/周	3个月	NewsBreak	50-150人	可转正实习免费咖啡实习证明 独角兽，团建&出国游，有趣的团队，行业大牛，北美排名第一
仿真建模实习生	120-200/天	上海	3天/周	3个月	恒润科技	500-2000人	实习证明 有挑战性，自由
机器学习实习生	200-300/天	北京	3天/周	4个月	LemonBox	15-50人	免费晚餐弹性工作大牛指导不定期团建 轻松的工作环境，精英多，靠谱创业团队，交通补贴，零食水果应有尽有，免费晚餐，定期团建活动，五险一金，双休、弹性工作，生日庆祝
计算机视觉研究实习生	300-400/天	深圳	4天/周	5个月	SenseTime商汤科技	150-500人	可转正实习实习津贴下午茶餐补节日福利 高成长，专业培训，各种福利，专业的平台，发展空间，水果管饱，年假，技术提升，待遇不错，有成长空间
数据标注实习生	100-100/天	上海	4天/周	6个月	阿基米德FM	50-150人	远程实习 音频社交，互联网
FPGA基带算法开发工程师实习	80-120/天	南京	5天/周	3个月	南京创研院	50-150人	实习津贴 小福利不断，简单，可依赖，产品有前景，硬核资源
计算机视觉研究员实习	200-250/天	北京	4天/周	4个月	SenseTime商汤科技	150-500人	可转正实习免费三餐节日福利 高成长，专业培训，各种福利，专业的平台，发展空间，水果管饱，年假，技术提升，待遇不错，有成长空间
算法-语音识别	300-300/天	上海	5天/周	4个月	问境科技	15-50人	生日会弹性工作周末双休下午茶可转正实习 
机器人视觉控制算法实习生	150-300/天	杭州	5天/周	3个月	北大信研院	150-500人	弹性工作 发展潜力大，优厚薪资，氛围融洽，带薪年假，五险一金
人工智能算法产品实习生	250-300/天	北京	5天/周	3个月	第四范式	500-2000人	可转正实习节日福利远程实习 独角兽，AI
算法实习生	150-180/天	天津	3天/周	3个月	天津恒润	150-500人	房补 大公司，实习留任，实习生多，团队NB，氛围相当好，实习机会多，有午餐补贴，视才如命，同事颜值高，氛围好 福利多 成长快
计算机视觉算法实习生	300-400/天	北京	4天/周	3个月	第四范式	500-2000人	可转正实习远程实习弹性工作节日福利 独角兽，AI
语音分析实习生	200-300/天	北京	5天/周	3个月	平安科技	2000人以上	接受大一大二下午茶地铁周边 
NLP自然语言处理实习生	120-150/天	北京	5天/周	3个月	用友集团	500-2000人	远程实习实习津贴可转正实习暑期实习 成长机会多，企业互联网化，有竞争力薪资，节假日生日福利，环境氛围好，福利待遇优，带薪年休假、节日福利，有食堂&amp;班车，一年14薪，双休&五险一金
Tik Tok Ads 广告算法实习生	400-400/天	北京	4天/周	3个月	字节跳动	2000人以上	免费三餐下午茶弹性工作可转正实习租房补贴技术大牛带飞团队氛围好 亿级日活平台，今日头条，抖音，年轻、扁平、透明，免费三餐健身房，租房补贴
图像识别实习生	150-300/天	深圳	3天/周	4个月	中智人工智能	15-50人	项目进度紧凑团队和谐成长性强 
图像视觉算法工程师	150-200/天	北京	5天/周	3个月	星云V2X	50-150人	暑期实习留学生实习实习证明下午茶不加班 各种牛人，周末双休，五险一金，年终奖，福利丰厚，发展前景好
地图数据引擎部_数据策略算法实习生	200-250/天	北京	4天/周	6个月	百度	2000人以上	弹性工作 实力大背景，年轻群体，有转正机会，精彩活动，逗比同事，行业龙头，提供学习成长机会，老板nice，高大上办公环境
导航算法工程师（实习生）	150-300/天	杭州	5天/周	7个月	启飞智能	50-150人	视觉SLAMVINS曼滤波组合导航算法可转正实习年度旅游节日福利 无人机  研发  智能  物联网  机器人  植保，高速成长，公司前景好，互联网模式，开放自由，团队融洽，专属指导老师，全职实习，内部岗位竞聘，气氛浓厚
NLP算法实习生	200-300/天	北京	5天/周	5个月	感易智能	15-50人	技术领先大牛带队AIlab关注员工成长不打卡下午茶地铁周边 一流团队，金融数据 AI，快速发展，成长空间++，高科技
人工智能算法实习生（IEOR工业工程与运筹学专业）	150-200/天	深圳	5天/周	3个月	贝尔信息	少于15人	可转正实习地铁周边 同事好相处，双休，潜力大
计算机视觉实习生	300-300/天	上海	5天/周	3个月	纽劢科技	50-150人	弹性办公 健身设施全，互联网+，快乐的氛围，暖暖下午茶，双休&a险，领导是逗比，我们气氛好，精英团队，工作环境好
语音识别算法实习生	200-300/天	北京	3天/周	3个月	标贝科技	50-150人	接受大一大二节日福利 团建活动，成长快速，充满激情，好领导，人才培养，团队年轻化，弹性工作时间，年底多薪，良好团队氛围，五险一金
雷达算法工程师	150-300/天	北京	3天/周	3个月	紫玉伟业	15-50人	可转正 发展好，开拓创新，社保公积金
语音信号信息处理	500-1000/天	广州	3天/周	3个月	CVTE	2000人以上	成长快免费星级自助餐免费酒店式公寓正式offer实习补贴高 
自然语言处理实习生	200-250/天	杭州	3天/周	3个月	差评	50-150人	不加班地铁周边前沿项目名师带领 高效团队，时尚，致力于活动策划、文化推广、软件开发， 竭力为商家提升品牌知名度和影响力
算法实习生	120-120/天	深圳	5天/周	2个月	雄帝科技	500-2000人	暑期实习 
算法实习生	100-200/天	长沙	5天/周	3个月	先进院	50-150人	实习津贴朝九晚五 六险两金，早九晚五，双休，年度体检，各项福利
算法工程师/生物医学信号处理	400-500/天	上海	5天/周	3个月	Medtrum	50-150人	周末双休 
图像算法实习生（偏论文）	180-300/天	上海	3天/周	3个月	复星集团	2000人以上	可转正实习远程实习 金融，保险，国际化，工作气氛好，开脑洞，高科技，人工智能
轨迹预测算法工程师	150-300/天	北京	5天/周	12个月	AutoBrain	50-150人	餐补交通补助 创新，灵活，技术范儿，老板NICE
无人车控制算法实习生	150-300/天	北京	5天/周	7个月	慧拓智能	50-150人	一对一指导工作大咖分享 拥抱变化，累积专业经验，潜力人，不定期下午茶，热情团队，无人车
人工智能工程师	200-200/天	北京	5天/周	3个月	银联金卡	150-500人	大牛带队公司重点项目有转正机会发展空间可转正实习留学生实习远程实习 六险一金，导师制，技术导向，绩效奖金，海外国际，充满活力，公平高成长，技术大牛云集，企业背景雄厚
数据与算法工程师	300-500/天	北京	5天/周	3个月	昇科能源	少于15人	远程实习可转正实习全勤奖餐补 小而美，专业，快速成长，大平台
算法工程师	150-250/天	上海	5天/周	7个月	Manteia数据科技	15-50人	项目前景好 团队氛围好 
智慧交通算法工程师	150-250/天	北京	3天/周	3个月	星云V2X	50-150人	可转正实习节日福利下午茶地铁周边留学生实习朝九晚五实习证明定期团建周末双休 各种牛人，周末双休，五险一金，年终奖，福利丰厚，发展前景好
自然语言处理实习生	200-300/天	深圳	5天/周	4个月	国双科技	500-2000人	地铁周边节日福利周末双休 地铁周边，广阔平台，钱途无量，助理岗位，讲诚信+很务实，学习平台多，办公环境轻松，有创意有乐趣，移动互联网，团队氛围棒
数据分析师	250-300/天	苏州	5天/周	3个月	同程旅行	2000人以上	地铁周边弹性工作 实战多成长快，我们气氛好，充满挑战，实操性强
AI算法研究实习生	150-200/天	北京	5天/周	4个月	中科院自动化所	2000人以上	提供转正机会2月薪2k-5k根据个人综合能力确定 
NLP算法实习生	100-150/天	上海	5天/周	2个月	犀语科技	50-150人	大牛导师 人工智能，金融数据产品，扁平化管理，欢乐氛围，福利完善
视觉感知算法实工程师	200-300/天	北京	5天/周	12个月	AutoBrain	50-150人	领导nice餐补交通补助 创新，灵活，技术范儿，老板NICE
算法实习生	200-400/天	上海	4天/周	3个月	虎博科技	50-150人	可转正实习留学生实习地铁周边实习津贴 极客文化，氛围轻松，年轻态健康体，发展空间大
机器人算法工程师	150-200/天	杭州	4天/周	6个月	汉振HANCHINE	15-50人	技术牛人带领可转正实习 丰厚薪水，技术狂，超有爱，提供零食，团队建设
自然语言处理算法实习生	300-400/天	北京	4天/周	4个月	依图	500-2000人	人工智能前沿技术落地场景靠谱团队 人工智能，免费零食饮料，免费健身房，实习证明
算法实习生（轻视频）	面议	上海	5天/周	3个月	哔哩哔哩	2000人以上	学习机会好 二次元，新兴文化代表，lo娘，猫房，特♂色社团，氛围爆好，有发展前景，技术牛人多，舒适的办公环境，发展好
微软中国AI开发实习生	250-400/天	上海	4天/周	6个月	微软	2000人以上	远程实习暑期实习留学生实习弹性工作不打卡实习证明 高速发展，精英team，机构大神多，专业知识，零食供应，英文环境，最佳雇主，导师制培养，全球化，交流环境轻松
算法工程师	150-200/天	北京	5天/周	6个月	人人公司	500-2000人	可转正实习留学生实习 弹性工作，七险一金
视频编码研究实习生	400-800/天	北京	3天/周	11个月	hotstar	500-2000人	跨国企业实习时间灵活大牛团队清华南门外United  技术牛人云集，成长快，跨国企业，团队年轻专业，满满实习干货
NLP算法工程师	200-300/天	上海	4天/周	3个月	平安科技	2000人以上	地铁周边实习津贴 
机器人算法实习生-计算机视觉	150-250/天	北京	5天/周	3个月	真机智能	15-50人	团队氛围行业前景 行业大咖，顶尖产品，精益创业，接受应届生，五道口，清华，有创意有乐趣，行业革新者，硅谷風投，无人车
算法工程师实习生	300-400/天	北京	5天/周	3个月	度小满金融	2000人以上	校招职位可转正 年轻化的团队，终身学习，成长机会大，条件好
计算机视觉战略实习生	250-400/天	上海	5天/周	6个月	博世中国	2000人以上	免费班车餐补500强 物联网，人工智能，大数据，软件开发，嵌入式，云服务
算法实习生（软件部）	100-200/天	北京	3天/周	3个月	恒润科技	500-2000人	可转正实习 有挑战性，自由
算法工程师	200-400/天	北京	5天/周	3个月	数牍科技	15-50人	可转正实习实习津贴不打卡项目奖金五险一金 技术牛人多，实习可转正，能力提升快，弹性工时
实习生（算法SDK开发和测试）	150-200/天	北京	5天/周	4个月	旷视科技	2000人以上	地铁周边 弹性工作，上下班不打卡，零食水果下午茶，技术驱动型企业
BUINSU_BIBD_算法工程师_北京	200-300/天	北京	5天/周	12个月	文思海辉	2000人以上	央企六险一金定期团建生日会司龄礼物 入职五险一金，银行软件，行业领头羊
计算机视觉算法（工程）实习生	150-200/天	广州	5天/周	3个月	虎牙	2000人以上	暑期实习定期团建可转正实习实习证明地铁周边 自带食堂，扁平化组织，互联网产业，水果零食，电竞，公司平台大
大数据研发工程师	80-100/天	海口	5天/周	2个月	数字海南	50-150人	可转正实习生日会大数据算法智慧城市培训机会 大数据，云计算，温暖& 科技，锻炼机会，互联网，大牛云集
算法工程师（图像处理）-实习	120-180/天	杭州	5天/周	3个月	中控信息	500-2000人	交通补贴团队氛围弹性工时 福利待遇佳，成长空间广，培训机会多，一对一导师，免费班车，氛围融洽
语音识别	200-250/天	北京	5天/周	3个月	东芝中国	2000人以上	名企弹性工作论文发表领导nice 技术核心，企业背景好，五险一金双休，集中办公，团队优异，生活便利，有成长空间
机器算法工程师	150-200/天	北京	3天/周	3天/周	共致开源	50-150人	转正机会茶歇零食周末双休 五险一金，周末双休，茶歇零食，节日福利，生日福利，大平台，高新技术企业，学习机会多，气氛融洽，健康体检
人工智能工程师	120-150/天	北京	11个月	5天/周	泰康保险	2000人以上	很高的转正机会 世界500强，七险二金，弹性工作，员工食堂，健身房，水吧+图书室+休息区，免费班车
人工智能算法研究实习生	70-130/天	北京	7个月	5天/周	中科院自动化所	2000人以上	2k-5k根据个人综合能力确定 
人工智能实习生	0-50/天	全国	3个月	5天/周	仟言	500-2000人	远程实习可转正实习留学生实习锻炼机会多远程工作 
人工智能算法实习（IEOR工业工程与运筹学专业）	120-150/天	深圳	3个月	3天/周	贝尔信息	少于15人	可转正实习 同事好相处，双休，潜力大
量化研究员实习生	300-500/天	北京	3个月	5天/周	金湖无量	15-50人	【中关村实习】远程实习对冲基金研究员算法研究 理财经理，大学生创业，各种节日福利，待遇优越
算法实习生	200-300/天	北京	3个月	5天/周	开域集团	500-2000人	可转正实习生日会 双休& 五险，行业领跑，超长带薪年假，地理位置优越
模型算法工程师-建模岗	200-400/天	北京	3个月	4天/周	数牍科技	15-50人	可转正实习周末双休下午茶绩效奖金 技术牛人多，实习可转正，能力提升快，弹性工时
自然语言处理实习生	300-400/天	上海	5个月	5天/周	麦穗人工智能	15-50人	可转正实习留学生实习不打卡 定期团建，极客氛围，mentor带教，有股权分红，办公氛围年轻，硬件火力足，北清复交
算法工程师	100-150/天	福州	5个月	4天/周	长威科技	500-2000人	专业培训成长双通道团建活动丰富免费下午茶等 员工关怀，高大上工作环境，双导制，专业、活力、创造，全额五险一金
ACM算法助教实习生	150-300/天	杭州	3个月	5天/周	九章算法	50-150人	转正机会诱人薪资生日会远程实习接受大一大二可转正实习弹性工作 发展空间巨大，项目精英，学习型组织，氛围棒棒哒，牛人同事，节日福利，秋招机会，积累知识，实习生待遇好，教育培训行业
[辅助驾驶方向] 毫米波雷达感知算法工程师(实习)	100-200/天	深圳	10个月	5天/周	中科龙智	15-50人	人工智能大牛指导 前沿技术，常春藤校实习伙伴，人工智能，深度学习，追求极致，国际化团队，开放创新，硅谷创业氛围，团队年轻，实战多成长快
[车影像技术] 超声波雷达算法工程师(实习生)	80-150/天	深圳	12个月	3天/周	中科龙智	15-50人	人工智能 前沿技术，常春藤校实习伙伴，人工智能，深度学习，追求极致，国际化团队，开放创新，硅谷创业氛围，团队年轻，实战多成长快
NLP算法实习生	300-500/天	上海	4个月	5天/周	循环智能	15-50人	期权年底多薪 双休法定假日
路径规划算法实习生	120-150/天	苏州	3个月	4天/周	畅行智能	50-150人	住宿餐补可转正实习实习津贴 
深度学习嵌入式开发实习生	250-300/天	北京	3个月	5天/周	DeepMotion	15-50人	核心部门大牛手把手培养发展前景大 公司位置好，技术背景，扁平化管理
图像处理算法实习工程师	80-100/天	海口	11个月	5天/周	聚能创新院	150-500人	食堂班车优秀团队优美办公环境 五险一金，办公环境优越，研究平台，补贴，团队充满活力
[通用AI方向] 红外测温算法工程师（实习生）	80-150/天	深圳	9个月	3天/周	中科龙智	15-50人	人工智能大牛学习 前沿技术，常春藤校实习伙伴，人工智能，深度学习，追求极致，国际化团队，开放创新，硅谷创业氛围，团队年轻，实战多成长快
算法工程师	120-150/天	北京	11个月	3天/周	泰康保险	2000人以上	很高的转正机会 世界500强，七险二金，弹性工作，员工食堂，健身房，水吧+图书室+休息区，免费班车
算法工程师	250-400/天	北京	5天/周	4个月	cloudin云英	50-150人	五险一金带薪年假7天定期旅游定期下午水果 三方协议，同事热情，提供转正机会，有平台有机会
图像算法实习生-A0401	300-400/天	上海	4天/周	8个月	 合合信息科技 	150-500人	大牛带队弹性工作免费班车免费早晚餐定期团建工作氛围活跃 晋升空间明确，牛逼团队，年轻，吃得好氛围好，不打卡，双休日
嵌入式软件开发实习生	150-200/天	北京	4天/周	6个月	时代拓灵	15-50人	人工智能前沿算法节日福利 气氛活跃，80/90多，技术专注，注重培养，新人培训，有转正机会，老板nice，实干团队，行业领先
深度学习算法实习生	250-300/天	北京	4天/周	3个月	DeepMotion	15-50人	核心部门大牛手把手培养发展前景大顶会paper 公司位置好，技术背景，扁平化管理
算法实习生	200-250/天	重庆	5天/周	3个月	锐明信息	500-2000人	暑期实习 年轻团队
控制算法工程师（实习生）	150-300/天	杭州	5天/周	6个月	启飞智能	50-150人	PID鲁棒控制可转正实习绩效奖金年度旅游 无人机  研发  智能  物联网  机器人  植保，高速成长，公司前景好，互联网模式，开放自由，团队融洽，专属指导老师，全职实习，内部岗位竞聘，气氛浓厚
音频算法实习生（语音项目）	150-250/天	杭州	5天/周	3个月	北大信研院	150-500人	地铁周边弹性工作实习津贴 发展潜力大，优厚薪资，氛围融洽，带薪年假，五险一金
实习算法工程师	250-400/天	上海	4天/周	5个月	Versa	50-150人	留学生实习可转正实习实习证明定期团建下午茶地铁周边餐补免费咖啡 可留用，留用率高，成长空间好，公司团建，吃喝玩乐，创新& 活跃
算法工程师	150-200/天	广州	5天/周	3个月	五舟科技	150-500人	可转正实习实习津贴实习证明 
策略实习生	200-250/天	北京	3天/周	6个月	金证优智	50-150人	高发展餐补 
[通用AI技术] 神经网络压缩算法研究（实习生）	80-150/天	深圳	5天/周	12个月	中科龙智	15-50人	人工智能大牛指导 前沿技术，常春藤校实习伙伴，人工智能，深度学习，追求极致，国际化团队，开放创新，硅谷创业氛围，团队年轻，实战多成长快
算法研究实习生（自然语言处理）	150-180/天	上海	3天/周	3个月	飞利浦	2000人以上	实习薪资实习证明餐补地铁周边周末双休大牛带队接受大一大二电话面试 
算法实习生	200-250/天	杭州	5天/周	4个月	ULSee	50-150人	实习津贴 巨大成长空间，AI，轻松氛围，双休年假，国际化公司
深度学习/计算机视觉算法实习生	220-260/天	北京	5天/周	3个月	地平线	500-2000人	绩效奖金弹性工作导师制度 丰厚年终奖励，温馨家园，牛人集聚，业界牛人，发展前景广阔，学习机会多，薪酬补贴，氛围欢快
地平线自动驾驶感知算法实习生	200-300/天	北京	5天/周	6个月	地平线	500-2000人	远程实习 丰厚年终奖励，温馨家园，牛人集聚，业界牛人，发展前景广阔，学习机会多，薪酬补贴，氛围欢快
软件算法工程师	100-200/天	杭州	4天/周	6个月	汉振HANCHINE	15-50人	可转正实习技术牛人带领 丰厚薪水，技术狂，超有爱，提供零食，团队建设
语音识别算法工程师（深圳）-校招	500-800/天	深圳	5天/周	12个月	锐明技术	500-2000人	转正机会大岗位晋升节日福利 
算法实习	200-400/天	北京	5天/周	5个月	金证优智	50-150人	转正高发展餐补 
NLP自然语言处理应用实习生	150-300/天	上海	5天/周	3个月	青悦环保	少于15人	朝九晚五弹性工作 全职实习，前景发展好
计算机视觉,深度学习方向研发实习生	150-300/天	北京	5天/周	3个月	理光软件北京	50-150人	研究院实习学术氛围好同事nice工作环境好 大集团背景，年轻有活力
SLAM算法工程师	800-1000/天	北京	5天/周	3个月	猎户星空	500-2000人	可转正实习只招应届生 这里有梦想，团队给力，高效办公，高新科技，发展空间，靠谱团队，自由公平，CEO颜值高，实现自我梦想，办公环境好
数据标注实习生	200-250/天	北京	5天/周	3个月	积加科技	15-50人	技术大牛包餐 AI，IoT
计算机视觉算法实习生	200-300/天	深圳	5天/周	4个月	国双科技	500-2000人	周末双休不打卡餐补地铁周边 地铁周边，广阔平台，钱途无量，助理岗位，讲诚信+很务实，学习平台多，办公环境轻松，有创意有乐趣，移动互联网，团队氛围棒
图像算法实习生	200-400/天	厦门	5天/周	3个月	稿定设计	150-500人	餐补可转正实习 同事年轻友好，双休& a险，互联网，前景发展好，干货实习，地铁周边，平台大
数据挖掘实习生	150-180/天	南京	5天/周	4个月	焦点科技	2000人以上	可转正 福利健全，地铁边，快速成长空间，团队NB，直接参与项目，留用转正机会，学习型组织，年轻态
图像与软件类实习生	面议	北京	5天/周	8个月	中科院自动化所	2000人以上	实习证明 
算法工程师	100-120/天	珠海	5天/周	10个月	纳睿达	50-150人	住房补贴六险一金绩效奖金带薪年假餐补员工旅游 大牛带，归属感，知名度广，务实，毕业留任，五险一金，绩效奖金
初级算法工程师	250-300/天	上海	5天/周	3个月	叠腾科技	少于15人	可转正实习期权 可转正，志同道合，创业团队，AI算法，快速成长，超级人性化
人工智能算法实习生（计算数学专业）	150-200/天	深圳	5天/周	3个月	贝尔信息	少于15人	可转正实习地铁周边 同事好相处，双休，潜力大
【清华大学】自动驾驶图像处理、拼接融合算法实习生	200-250/天	北京	4天/周	4个月	清华大学智能车团队	2000人以上	可转正实习留学生实习 
大数据算法工程师（实习）	150-300/天	北京	5天/周	3个月	昇科能源	少于15人	远程实习可转正弹性工作 小而美，专业，快速成长，大平台
计算机视觉算法工程师（深圳）-校招	40-50/天	深圳	5天/周	12个月	锐明技术	500-2000人	转正机会大岗位晋升节日福利 
算法实习生	150-200/天	杭州	5天/周	3个月	酷家乐	500-2000人	免费咖啡下午茶餐补 一周双休，环境好，行业独角兽，扁平管理，能学东西
算法实习生	250-400/天	北京	5天/周	3个月	推想科技	150-500人	暑期实习实习证明 人工智能，热情、执行力、学习能力，医疗AI，零食角，国内外媒体关注
算法工程师	200-400/天	全国	5天/周	3个月	智融信达	15-50人	可转正实习留学生实习节日福利周末双休 团队有活力，技术，金融投资
音乐音频分析工程师	200-300/天	上海	5天/周	3个月	平安科技	2000人以上	地铁周边商业险免费咖啡实习津贴 
视觉算法实习生	150-250/天	北京	4天/周	4个月	联想	2000人以上	周末双休免费咖啡实习证明 福利补贴，行业领跑，地铁站旁边
社交内容数据挖掘助理研究员（中科院特别研究助理）	150-300/天	北京	1天/周	12个月	中科院计算所	2000人以上	幼儿园小学解决配偶户口事业编 产业研究，平台高，工作氛围好，试用期全薪，双休，签客座协议提供住宿
金融工程研究员	80-120/天	北京	5天/周	3个月	川谷金融科技	15-50人	企业愿意把每位员工都培养成为能够独挡一面的将军 你的舞台，同事热情，与大拿为伍，成长机会大，地铁边，规划
算法工程师J11643	150-300/天	北京	4天/周	3个月	天融信科技集团	2000人以上	有转正机会 团建&amp;amp;出国游，发展前景
算法实习生	150-250/天	杭州	5天/周	6个月	易现先进科技	50-150人	可转正实习弹性工作 
深度学习算法工程师	180-250/天	杭州	5天/周	6个月	光珀智能	150-500人	可转正实习定期团建周末双休 顶尖团队，行业前景好，节假日福利，市中心办公，免费饮料牛奶，boss年轻有为是浙大创业代表，浙大教授，技术总监来自海外人才，公司氛围好，激情团队
NLP实习生	100-150/天	上海	5天/周	3个月	燧坤智能	15-50人	可转正实习留学生实习实习证明实习津贴 技术前沿，产学研，同事有爱，薪酬高，人工智能，生物制药
算法实习生	120-200/天	上海	3天/周	3个月	恒润科技	500-2000人	实习证明 有挑战性，自由
机器学习实习生	150-300/天	深圳	3天/周	4个月	中智人工智能	15-50人	项目含金量高团队和谐 
AI视频分析算法实习生	300-300/天	北京	4天/周	3个月	爱奇艺	2000人以上	实习平台好 视频行业领先地位，全娱乐优势持续提升，科技创意，多元文化，IP生态，AI赋能，悦享品质，12天年假，年轻活力
人工智能算法实习生（数学相关专业）	150-200/天	深圳	5天/周	3个月	贝尔信息	少于15人	可转正实习地铁周边 同事好相处，双休，潜力大
大数据分析师	100-150/天	福州	5天/周	6个月	长威科技	500-2000人	六险一金股权激励年终奖金通讯补贴午餐补贴 员工关怀，高大上工作环境，双导制，专业、活力、创造，全额五险一金
计算机视觉算法工程师	200-300/天	重庆	5天/周	11个月	锐明技术	500-2000人	实习薪资高！房补+餐补！转正几率大！ 
算法实习生	180-300/天	成都	5天/周	6个月	京东	2000人以上	可转正实习留学生实习周末双休 精英多多，团队实力强，锻炼自我，专业、活力、创造，AI，技术大牛坐镇，精英，nice氛围，创新
[工业视觉技术组] 视觉算法工程师（实习生）	80-150/天	深圳	5天/周	12个月	中科龙智	15-50人	人工智能 前沿技术，常春藤校实习伙伴，人工智能，深度学习，追求极致，国际化团队，开放创新，硅谷创业氛围，团队年轻，实战多成长快
无人车定位算法实习生	250-400/天	北京	5天/周	3个月	SenseTime商汤科技	50-150人	周末双休 90后氛围，胸怀天下，发展迅速，无人驾驶，技术大牛
自动驾驶感知算法研发实习生	200-400/天	上海	5天/周	6个月	国科微	150-500人	餐补 高成长，专业培训，各种福利，专业的平台，发展空间，水果管饱，年假，技术提升，待遇不错，有成长空间
ISP算法	645-967/天	成都	5天/周	8个月	西安三星电子研究所	150-500人	六险一金年度奖金 专业指导，广阔发展平台，上市公司
图像算法工程师	150-200/天	西安	5天/周	3个月	AutoBrain	150-500人	世界五百强前沿科技成长平台导师指导弹性工作免费班车周末双休节日福利 办公环境好，世界500强，Mentor培养，成长平台
决策规划决策算法工程师	200-300/天	北京	5天/周	12个月	星环科技	50-150人	餐补交通补助定期体检领导nice 创新，灵活，技术范儿，老板NICE
机器学习算法实习生 (MJ000210)	250-300/天	上海	3天/周	5个月	网易	500-2000人	发展前景好弹性工作制周末双休大神一对一 伙伴好，用心学到很多，接受应届生，成长空间大
大数据开发实习生	100-150/天	北京	5天/周	3个月	金证优智	2000人以上	大厂实习三餐免费班车接送 社保，福利多，氛围nice，办公室氛围好，同事好相处
算法实习生	200-250/天	北京	3天/周	3个月	焦点科技	50-150人	餐补高发展 
算法研发实习生	200-400/天	深圳	4天/周	4个月	商汤科技	150-500人	可转正实习餐补免费健身房周末双休 人工智能，部门聚餐，带薪产假，出差补贴，免费中餐
数据算法工程实习生	300-400/天	北京	5天/周	4个月	融360	500-2000人	可转正实习免费午餐节日福利 人性管理，好的晋升品台，免费餐饮，成长空间好，互联网金融，环境好
计算机视觉算法工程师（重庆）-校招	500-800/天	重庆	5天/周	12个月	锐明技术	500-2000人	转正机会大岗位晋升节日福利 
自然语言处理算法工程师	250-300/天	上海	4天/周	4个月	平安科技	2000人以上	学习NLP和知识图谱最新技术提供多样化项目良好的团队氛围海内外技术专家 
品牌量化研究	100-200/天	上海	5天/周	3个月	新加坡义声咨询	15-50人	远程实习可转正实习留学生实习留学生可申请专利可发表论文可获得新闻媒体 上层资源，创始团队指导，行业领军者，实践梦想，90后老板，注重个人发展
算法工程师	200-300/天	北京	5天/周	12个月	瞳门科技	15-50人	AIDL算法大牛带飞人工智能海量数据 稳定高速增长，团队靠谱，平台好机会多，开放创新，软件开发，自由、平等，热情，团队实力强，轻松氛围，不定期下午茶
无人车决策算法实习生	250-400/天	北京	5天/周	3个月	慧拓无限	50-150人	弹性工作 90后氛围，胸怀天下，发展迅速，无人驾驶，技术大牛
算法实习生	200-300/天	成都	5天/周	3个月	慧择网	500-2000人	上市公司算法项目 年轻;活力，晋升神速，商业
ACG智能制造部_视觉算法实习生	150-300/天	北京	5天/周	3个月	百度	2000人以上	弹性工作节日福利 实力大背景，年轻群体，有转正机会，精彩活动，逗比同事，行业龙头，提供学习成长机会，老板nice，高大上办公环境
语音识别算法工程师（成都）-校招	500-800/天	成都	5天/周	12个月	锐明技术	500-2000人	转正机会大岗位晋升节日福利 
嵌入式软件开发实习生（机器学习与应用研究中心）	100-180/天	深圳	5天/周	3个月	AIRS	150-500人	空间发展大国际化管理大牛带队国际氛围 发展空间大，国际化管理，大牛带队，工作氛围
TTS算法工程师	150-200/天	杭州	5天/周	12个月	一知智能	50-150人	发展快空间大 
人工智能算法实习生	250-300/天	北京	4天/周	8个月	创新奇智	150-500人	图像算法 人工智能
大数据后端开发实习生	150-250/天	北京	5天/周	3个月	星环科技	500-2000人	大数据平台算法工程化 伙伴好，用心学到很多，接受应届生，成长空间大
多标签图像分类算法实习生	200-300/天	北京	4天/周	6个月	爱奇艺	2000人以上	可转正实习 同事好相处，双休，潜力大
人工智能算法实习（数学相关专业）	120-150/天	深圳	5天/周	3个月	贝尔信息	少于15人	远程实习留学生实习定期团建 
自然语言处理	150-200/天	深圳	5天/周	3个月	中智人工智能	15-50人	可转正实习 同事好相处，双休，潜力大
人工智能算法实习（计算数学专业）	120-150/天	深圳	5天/周	3个月	贝尔信息	少于15人	可转正实习 同事好相处，双休，潜力大
人工智能算法实习	120-150/天	深圳	5天/周	3个月	贝尔信息	少于15人	三餐免费大厂实习 社保，福利多，氛围nice，办公室氛围好，同事好相处
算法工程师（语音技术方向）J10557	200-300/天	北京	3天/周	9个月	百分点科技	500-2000人	大数据ai 公司福利好，位置绝佳，补充商业保险，团队氛围好
21届实习-算法工程师	200-250/天	西安	5天/周	3个月	深信服	2000人以上	可转正实习暑期实习 上下班有车补，同事好相处，带薪实习，人力资源服务
ISP算法工程师	161-322/天	成都	5天/周	8个月	国科微	150-500人	六险一金年度奖金 专业指导，广阔发展平台，上市公司
音频算法工程师（校招）	200-400/天	广州	5天/周	12个月	奥威亚	500-2000人	六险一金周末双休节日福利团队活动免费工作餐 周末双休，免费工作餐，班车接送，节日福利，年度体检，团队活动，年终奖金
算法工程师	100-200/天	福州	5天/周	12个月	新大陆自动识别	500-2000人	双休 
软件算法实习生	100-150/天	上海	5天/周	3个月	美的集团	2000人以上	暑期实习接受大一大二实习证明 校园实习生，转正，500强，餐饮补贴，包住宿，技术背景，转正
视觉算法实习生（2021届）J12569	400-500/天	北京	4天/周	3个月	VIPKID	2000人以上	暑期实习大咖云集行业独角兽 互联网+教育，纯北美外教，国际化、高速发展，平台高、机会多、锻炼能力，精英多多，英语，激情，工资+餐补，五险一金，带薪休假
AI技术工程师（实习生）	150-300/天	杭州	5天/周	6个月	启飞智能	50-150人	算法优化机器视觉可转正实习地铁周边实习津贴 无人机  研发  智能  物联网  机器人  植保，高速成长，公司前景好，互联网模式，开放自由，团队融洽，专属指导老师，全职实习，内部岗位竞聘，气氛浓厚
【自动驾驶】深度学习	300-400/天	北京	5天/周	5个月	易航智能	50-150人	可转正实习 
实习移动端AI研发工程师	250-400/天	上海	4天/周	2个月	Versa	50-150人	生日会实习证明年度旅游周末双休定期团建餐补地铁周边可转正下午茶弹性工作 可留用，留用率高，成长空间好，公司团建，吃喝玩乐，创新& 活跃
[通用AI方向] AI 心电算法工程师（实习生）	80-150/天	深圳	5天/周	12个月	中科龙智	15-50人	人工智能大牛指导 前沿技术，常春藤校实习伙伴，人工智能，深度学习，追求极致，国际化团队，开放创新，硅谷创业氛围，团队年轻，实战多成长快
量化策略研究员	150-200/天	上海	3天/周	3个月	协囤投资	少于15人	学习量化基础研究氛围浓厚年轻有活力留学生实习远程实习 研究氛围浓厚，有活力，创业交流，充满挑战
人工智能算法实习生（计算机及相关专业）	150-200/天	深圳	5天/周	3个月	贝尔信息	少于15人	可转正实习地铁周边 同事好相处，双休，潜力大
深度学习算法研究员	200-300/天	北京	5天/周	3个月	平安科技	2000人以上	实习津贴靠近地铁免费下午茶 
金融工程实习生	100-120/天	北京	4天/周	3个月	川谷金融科技	15-50人	数据+算法金融科技平台 你的舞台，同事热情，与大拿为伍，成长机会大，地铁边，规划
【新浪金融】算法实习生（风控模型方向）	300-300/天	北京	3天/周	3个月	微聚未来	150-500人	算法 免费水果，福利多多，发展前景好，实践机会多，领导逗比，牛人引领，学习型团队
计算机视觉算法实习生	150-200/天	杭州	4天/周	3个月	酷家乐	500-2000人	餐补免费健身房 一周双休，环境好，行业独角兽，扁平管理，能学东西
搜索算法工程师	150-250/天	北京	5天/周	3个月	小米	2000人以上	上市公司世界500强餐补实习证明 上升通道，职位晋升，高人气创始人，快速成长，平台大发展稳健，转正机会大
AI/图像处理算法工程师（校招）	200-400/天	广州	5天/周	12个月	奥威亚	500-2000人	六险一金周末双休节日福利团队活动免费工作餐 周末双休，免费工作餐，班车接送，节日福利，年度体检，团队活动，年终奖金
cv算法实习生 (MJ000279)	250-300/天	上海	3天/周	5个月	星环科技	500-2000人	技术前沿发展前景佳弹性工作制 伙伴好，用心学到很多，接受应届生，成长空间大
视觉技术部_VAR组OCR产品研发实习生	200-250/天	北京	4天/周	3个月	百度	2000人以上	远程实习周末双休下午茶不打卡 年轻团队，有态度
视觉技术部_VAR组编辑实习生	200-250/天	深圳	4天/周	3个月	百度	2000人以上	生日会餐补远程实习 年轻团队，有态度
遥感工程师实习生	100-200/天	北京	5天/周	12个月	麦飞科技	150-500人	遥感农业遥感遥感实习实习高光谱多光谱 上班位置方便，双休 一金，nice氛围，直通校招，办公环境佳，一线创作团队，氛围棒棒哒，团队nice，赢，年轻;  活力
算法实习生ZP1905290059	200-250/天	北京	5天/周	3个月	京东数科	2000人以上	大牛带餐补免费班车符合条件有房补 科技公司，金融服务，实习留用机制，福利丰富，团队年轻
车影像技术组-图像算法实习生	300-300/天	上海,深圳	5天/周	6个月	平安科技	2000人以上	大牛导师福利超多转正机会 
OCR技术组-算法实习生	300-300/天	深圳	5天/周	6个月	平安科技	2000人以上	大牛导师福利超多转正机会 
AI-Lab机器人算法研究实习生	300-400/天	北京	3天/周	3个月	字节跳动	2000人以上	过亿用户职业大牛晋升空间扁平管理免费三餐优质下午茶 亿级日活平台，今日头条，抖音，年轻、扁平、透明，免费三餐健身房，租房补贴
视觉技术架构组-算法实习生	300-300/天	北京	5天/周	6个月	平安科技	2000人以上	大牛导师福利超多转正机会 
计算机视觉实习生	150-200/天	广州	5天/周	3个月	虎牙	2000人以上	商业险实习证明可转正 自带食堂，扁平化组织，互联网产业，水果零食，电竞，公司平台大
算法研究实习生	200-300/天	上海	4天/周	5个月	洪朴信息	15-50人	技术大牛直面或领导项目转正机会 创业公司，AI人工智能，研究生多，深度学习，机器学习，完整的实习生培训机制
[通用AI技术] 3d点云算法开发工程师 (实习生）	50-100/天	深圳	5天/周	12个月	中科龙智	15-50人	人工智能；大牛指导； 前沿技术，常春藤校实习伙伴，人工智能，深度学习，追求极致，国际化团队，开放创新，硅谷创业氛围，团队年轻，实战多成长快
视觉技术部_VAR组OCR产品研发实习生	200-250/天	北京	4天/周	3个月	百度	2000人以上	远程实习免费健身房周末双休 年轻团队，有态度
算法实习生	200-400/天	北京	5天/周	6个月	格灵深瞳	150-500人	成长空间大学习机会多 扁平化管理，转正机会，导师制，开放共赢，企业独栋，制度人性化
深度学习实习生	100-150/天	成都	4天/周	9个月	通甲优博	50-150人	学习机会多 办公氛围年轻，期权，零食无限，初创企业，提升空间大，商业体检，共同成长，成长的好地方，薪资还不错，零食饮料不限量
算法实习生	400-400/天	北京	4天/周	4个月	字节跳动	2000人以上	弹性工作住房补贴免费自助三餐免费健身房下午茶 亿级日活平台，今日头条，抖音，年轻、扁平、透明，免费三餐健身房，租房补贴
图像算法实习生-抖音	400-500/天	北京	4天/周	4个月	字节跳动	2000人以上	抖音技术团队 亿级日活平台，今日头条，抖音，年轻、扁平、透明，免费三餐健身房，租房补贴
算法实习生	300-400/天	北京	5天/周	3个月	字节跳动	2000人以上	免费三餐实习津贴弹性工作房补下午茶免费健身房 亿级日活平台，今日头条，抖音，年轻、扁平、透明，免费三餐健身房，租房补贴
视频算法实习生-抖音	400-500/天	北京	4天/周	4个月	字节跳动	2000人以上	免费三餐免费健身房租房补贴大牛同事 亿级日活平台，今日头条，抖音，年轻、扁平、透明，免费三餐健身房，租房补贴
图形图像算法实习生	300-400/天	北京	5天/周	4个月	字节跳动	2000人以上	免费三餐下午茶免费健身房免费班车租房补贴 亿级日活平台，今日头条，抖音，年轻、扁平、透明，免费三餐健身房，租房补贴
今日头条质量与审核算法实习生	400-500/天	北京	5天/周	3个月	字节跳动	2000人以上	远程实习可转正实习留学生实习实习证明免费三餐 亿级日活平台，今日头条，抖音，年轻、扁平、透明，免费三餐健身房，租房补贴
AI Lab机器学习算法实习生	300-400/天	北京	4天/周	4个月	字节跳动	2000人以上	优质团队行业大牛免费三餐休闲下午茶 亿级日活平台，今日头条，抖音，年轻、扁平、透明，免费三餐健身房，租房补贴
AI-Lab语音合成算法实习生	300-400/天	北京	4天/周	3个月	字节跳动	2000人以上	行业大牛优秀团队免费三餐优质下午茶 亿级日活平台，今日头条，抖音，年轻、扁平、透明，免费三餐健身房，租房补贴
AI-Lab语音算法实习生（音频理解方向）	300-400/天	北京	4天/周	3个月	字节跳动	2000人以上	行业大牛优质团队免费三餐优质下午茶 亿级日活平台，今日头条，抖音，年轻、扁平、透明，免费三餐健身房，租房补贴
自然语言处理(NLP)算法实习生 — 语音智能交互方向	300-400/天	北京	4天/周	4个月	字节跳动	2000人以上	行业大牛扁平化管理优质团队免费三餐休闲下午茶 亿级日活平台，今日头条，抖音，年轻、扁平、透明，免费三餐健身房，租房补贴
搜索算法实习生	400-400/天	北京	4天/周	11个月	字节跳动	2000人以上	弹性工作免费三餐扁平管理职业大牛 亿级日活平台，今日头条，抖音，年轻、扁平、透明，免费三餐健身房，租房补贴
推荐算法实习生-Data	400-400/天	深圳	3天/周	4个月	字节跳动	2000人以上	可转正技术氛围浓厚 亿级日活平台，今日头条，抖音，年轻、扁平、透明，免费三餐健身房，租房补贴
计算机视觉实习生-AI Lab	400-400/天	深圳	3天/周	4个月	字节跳动	2000人以上	大牛云集免费健身房技术氛围浓厚 亿级日活平台，今日头条，抖音，年轻、扁平、透明，免费三餐健身房，租房补贴
算法实习生-Data	400-400/天	深圳	3天/周	5个月	字节跳动	2000人以上	技术氛围浓厚 亿级日活平台，今日头条，抖音，年轻、扁平、透明，免费三餐健身房，租房补贴
【TikTok/抖音/火山】算法实习生	400-500/天	北京	4天/周	3个月	字节跳动	2000人以上	弹性工作免费三餐租房补贴扁平管理用户过亿大牛带队 亿级日活平台，今日头条，抖音，年轻、扁平、透明，免费三餐健身房，租房补贴
算法实习生-变现业务	400-500/天	北京	4天/周	4个月	字节跳动	2000人以上	薪资房补大厂经历氛围好免费三餐 亿级日活平台，今日头条，抖音，年轻、扁平、透明，免费三餐健身房，租房补贴
图像算法实习研究员	200-250/天	上海	3天/周	3个月	复星集团	2000人以上	医疗AI企业平台 金融，保险，国际化，工作气氛好，开脑洞，高科技，人工智能
数据分析	100-200/天	北京	5天/周	3个月	用友集团	500-2000人	远程实习 成长机会多，企业互联网化，有竞争力薪资，节假日生日福利，环境氛围好，福利待遇优，带薪年休假、节日福利，有食堂&amp;班车，一年14薪，双休&五险一金
数据分析(算法向)实习生	250-300/天	上海	4天/周	4个月	莉莉丝游戏	150-500人	大牛带队 技术氛围好，良好团队氛围，年底高奖金，年轻有活力，大牛，学习成长
计算机视觉算法实习生	200-250/天	上海	4天/周	11个月	纵目科技	150-500人	自动驾驶直通车待遇优厚表现突出可以转正 发展潜力大，活跃的工作环境，团队体验，棒棒的，开放创新，追逐梦想
短视频推荐算法实习生	200-250/天	北京	5天/周	6个月	网易	2000人以上	核心产品算法大牛三餐免费 社保，福利多，氛围nice，办公室氛围好，同事好相处
推荐算法实习生	100-150/天	北京	5天/周	3个月	网易	2000人以上	大厂实习免费三餐班车接送 社保，福利多，氛围nice，办公室氛围好，同事好相处
算法实习生	100-150/天	北京	5天/周	3个月	网易	2000人以上	免费三餐大厂实习 社保，福利多，氛围nice，办公室氛围好，同事好相处
广告算法实习生	100-150/天	北京	5天/周	3个月	网易	2000人以上	大厂实习三餐免费 社保，福利多，氛围nice，办公室氛围好，同事好相处
算法实习生	150-200/天	上海	4天/周	8个月	百姓网	500-2000人	工作氛围好企业文化优秀 灵活的上班时间，热情团队，超棒的福利
深度学习/计算机视觉实习生	150-200/天	广州	5天/周	3个月	虎牙	2000人以上	免费咖啡地铁周边商业险弹性工作可转正实习证明 自带食堂，扁平化组织，互联网产业，水果零食，电竞，公司平台大
数据分析-知识图谱方向	120-180/天	北京	5天/周	3个月	用友集团	500-2000人	远程实习可转正实习留学生实习可转正 成长机会多，企业互联网化，有竞争力薪资，节假日生日福利，环境氛围好，福利待遇优，带薪年休假、节日福利，有食堂&amp;班车，一年14薪，双休&五险一金
AI算法实习生	200-400/天	北京	5天/周	3个月	超级简历WonderCV	15-50人	发展空间大学习机会多 办公气氛自由，自由发挥平台，90后居多，氛围好，光速发展，大牛带你飞
机器人算法工程师	100-200/天	杭州	4天/周	3个月	汉振HANCHINE	15-50人	技术牛人带领 丰厚薪水，技术狂，超有爱，提供零食，团队建设
搜索策略产品实习生	100-150/天	深圳	4天/周	4个月	腾讯	2000人以上	腾讯实习证明；算法策略学习 平台好机会多，腾讯
语音算法实习生	250-300/天	北京	4天/周	3个月	网易有道	500-2000人	免费三餐免费班车不定期福利投喂 免费班车，轻松活跃，领导逗比，研发，行业经验丰富，有创意，员工食堂，互联网教育
机器学习算法实习生	250-300/天	北京	4天/周	3个月	网易有道	500-2000人	免费三餐免费班车免费健身房 免费班车，轻松活跃，领导逗比，研发，行业经验丰富，有创意，员工食堂，互联网教育
算法实习生（精品课）	250-300/天	北京	4天/周	3个月	网易有道	500-2000人	猪场美食健身房班车 免费班车，轻松活跃，领导逗比，研发，行业经验丰富，有创意，员工食堂，互联网教育
高性能计算实习生（C++）	250-300/天	北京	4天/周	3个月	网易有道	500-2000人	免费一日三餐免费班车 免费班车，轻松活跃，领导逗比，研发，行业经验丰富，有创意，员工食堂，互联网教育
图像识别算法实习生	250-300/天	北京	4天/周	3个月	网易有道	500-2000人	弹性工作时间免费三餐 免费班车，轻松活跃，领导逗比，研发，行业经验丰富，有创意，员工食堂，互联网教育
NLP算法实习生	250-300/天	北京	4天/周	3个月	网易有道	500-2000人	免费三餐免费健身房不定期福利投喂 免费班车，轻松活跃，领导逗比，研发，行业经验丰富，有创意，员工食堂，互联网教育
图像算法实习生	200-300/天	北京	4天/周	12个月	旷视科技	2000人以上	弹性工作制下午茶定期技术分享有问题随时沟通住宿补贴不定期团建活动 弹性工作，上下班不打卡，零食水果下午茶，技术驱动型企业
AI算法实习生（语音方向）	300-300/天	北京	3天/周	5个月	新东方	2000人以上	氛围好 大平台，技术大牛带教
算法实习生 （北京）	200-260/天	北京	4天/周	4个月	滴滴	2000人以上	平台大，福利优大厂实习 互联网，高逼格大厦，名企实习，各种福利，广阔平台
算法实习生	300-500/天	北京	5天/周	12个月	京东	2000人以上	搜索应用一流团队 精英多多，团队实力强，锻炼自我，专业、活力、创造，AI，技术大牛坐镇，精英，nice氛围，创新
算法工程师实习生	150-200/天	上海	5天/周	3个月	上海锥能	15-50人	大牛团队公司前途光明公司文化平等 自我提升，留学生团队，团队年轻有活力
自然语言处理算法实习生	200-400/天	北京	5天/周	6个月	罗辑思维 得到	150-500人	转正机会成长空间氛围轻松弹性工作环境极好大咖云集 地段好，大咖云集，开放自由，福利极好
量化开发工程师（Quant Dev/ C++算法工程师）	200-250/天	上海	3天/周	12个月	思勰投资	15-50人	领导好公司福利好发展空间大 法定节假日休息，薪资福利完善，自由氛围，实习证明，学习空间大
算法实习生	200-400/天	上海	3天/周	3个月	字节跳动	2000人以上	节日福利地铁周边下午茶免费健身房免费三餐 实习工资高，发展前景好，有挑战性，每日提供水果，正能量，知名度广，美味三餐，各种福利多多，不打杂纯干货，各种福利多多
算法工程师	250-300/天	苏州	3天/周	13个月	PlusAI	50-150人	让自动驾驶改变世界 自动驾驶，货运物流，人工智能，发展前景优
软件工程师	200-250/天	苏州	3天/周	7个月	PlusAI	50-150人	无人重卡~ 自动驾驶，货运物流，人工智能，发展前景优
机器人软件开发工程师实习	150-200/天	上海	4天/周	5个月	太昂科技	15-50人	弹性工作通讯补贴良好前景 
计算机视觉工程师	150-200/天	上海	4天/周	10个月	太昂科技	15-50人	弹性工作 
推荐算法工程师	150-200/天	北京	5天/周	4个月	充电了么	50-150人	 在线教育，专注上班族职业技能提高，AI人工智能，靠谱BOSS，有梦想，高人气创始人，Loft办公
机器学习算法工程师	150-200/天	北京	2天/周	4个月	充电了么	50-150人	 在线教育，专注上班族职业技能提高，AI人工智能，靠谱BOSS，有梦想，高人气创始人，Loft办公
计算机视觉/深度学习算法工程师	300-400/天	上海	5天/周	3个月	平安科技	2000人以上	牛人同行环境优美待遇更佳 
机器学习	200-250/天	上海	5天/周	6个月	云深网络	15-50人	餐费补贴团体聚餐 免费零食做五休二 用RubyOnRails快乐编程，互联网电子商务平台，互联网健康医疗，零食各种吃，法定假期，实习可转正，技术大牛带教，导师带教培训，公司发展前景
多媒体算法研究实习生	200-250/天	深圳	5天/周	3个月	腾讯音乐	2000人以上	免费咖啡免费健身房 漂亮学霸多，提供班车
软件工程师（实习生）	80-120/天	苏州	5天/周	12个月	斯玛维	15-50人	算法实习生软件工程师可转正实习 学术氛围浓郁，导师指导，事业单位，交叉学科，人工智能
数据融合实习生	150-200/天	上海	4天/周	6个月	FreeTech	150-500人	智能驾驶公司 弹性工作制http:// 同事有爱，发展机会，绩效奖金，丰富的下午茶，潜力大，开放舒适办公环境，国际平台，充分信任
数据融合实习生	150-150/天	杭州	4天/周	6个月	FreeTech	150-500人	智能驾驶公司 弹性工作制不限量零食http:// 同事有爱，发展机会，绩效奖金，丰富的下午茶，潜力大，开放舒适办公环境，国际平台，充分信任
算法实习生	200-250/天	深圳	3天/周	4个月	深算纪元	15-50人	大牛指导！ 专业提升巨大，培训发展
AI Developer Technology Engineer	300-400/天	北京	3天/周	3个月	NVIDIA英伟达	2000人以上	深度学习人工智能 技术大牛，优秀的团队，国际化~，各种补贴福利，舒适环境，行业领导者
金融工程实习生	面议	北京	4天/周	3个月	川宝投资	15-50人	数据+算法金融科技平台 
算法工程师实习生	150-200/天	杭州	5天/周	4个月	迦智科技	50-150人	牛人团队下午茶实习津贴节日福利绩效奖金生日福利年度旅游实习证明地铁周边 福利优越，环境优雅，丰富团建活动，上升通道，技术大牛带教，五险一金绩效，福利丰厚，年终奖，开放创新，氛围好有提升
视觉软件开发实习生	200-300/天	深圳	3天/周	4个月	平安科技	2000人以上	世界500强IT人工智能开发算法 
视觉中台算法实习生（深圳）	300-300/天	深圳	4天/周	3个月	平安科技	2000人以上	高薪资 
医疗影像算法工程师实习生	300-300/天	上海	4天/周	3个月	平安科技	2000人以上	高薪资 
视觉算法实习生	200-300/天	深圳	4天/周	3个月	平安科技	2000人以上	世界500强科技ITAI 
AI算法实习生	120-200/天	上海	3天/周	6个月	锐珂医疗	500-2000人	餐补 医疗影像，文化氛围好，五险一金双休，专业培训，有发展前景，制度完善
自然语言处理算法实习生	150-250/天	杭州	5天/周	3个月	vivo智能手机	2000人以上	餐补实习津贴实习证明 互联网，智能手机
NLP算法实习生	300-400/天	北京	4天/周	6个月	蓦然认知	50-150人	周末双休弹性工作实习津贴 人工智能，前沿科技，技术专家团队，国际视野，小蓦机器人，蓦然认知，行业领跑，实践机会，互联网、交互
【京东新通路】算法工程师实习生（武汉）	150-200/天	武汉	5天/周	3个月	京东	2000人以上	实习证明 年轻、活力，思想碰撞，广阔的职业发展平台，发展空间巨大，双休&amp;amp;amp;amp;;五险，待遇优厚，良好的工作环境
视觉技术部VAR组_视觉AI工程实习生	200-250/天	北京	5天/周	3个月	百度	2000人以上	远程实习免费健身房生日福利 年轻团队，有态度
深度学习-NLP自然语言处理-工程师实习生	150-250/天	北京	5天/周	6个月	增长引擎	15-50人	跟大牛学技术转正机会靠谱老板可转正实习 交通方便，团队优秀，办公气氛自由，靠谱，空间大，学到东西多，优秀实习环境，高成长，资源多，优秀留用
自动驾驶软件实习生	200-400/天	北京	4天/周	3个月	智加智行	50-150人	核心算法项目免费三餐零食免费娱乐设施牛人多办公环境好 
计算机视觉AI算法实习生	150-200/天	深圳	5天/周	7个月	TCL研究院	150-500人	餐补住房补贴 工程师文化
机器学习实习生	200-400/天	北京	4天/周	5个月	NEC	2000人以上	平台好提供转正学习机会多 氛围和善，靠谱的同事
算法工程师实习生	300-400/天	上海	5天/周	10个月	聚时科技	50-150人	休闲餐点 
算法工程师	200-300/天	长沙	5天/周	12个月	聚时科技	50-150人	人工智能深度学习 
python开发工程师	150-250/天	杭州	5天/周	6个月	所罗门	少于15人	Python后端开发爬虫算法开发数据库开发 至诚至真，坚韧不拔，追求卓越
计算机图像算法实习生（妙得项目）	150-200/天	杭州	5天/周	3个月	北大信研院	150-500人	地铁周边 发展潜力大，优厚薪资，氛围融洽，带薪年假，五险一金
java算法实习生	100-150/天	长春	4天/周	7个月	聚法科技	50-150人	节日福利五险一金绩效奖金年轻团队 绩效奖励，过节福利，团队年轻有活力，公司内部培训，水果
算法工程师	200-300/天	上海	5天/周	3个月	云思智慧	500-2000人	可转正实习年终奖年度旅游 
人工智能算法实习生	150-200/天	北京	3天/周	3个月	中国电信北京研究院	150-500人	免费班车朝九晚五导师制国企办公环境宽松 顶尖团队，老板人好，免费水果供应，开放创新，健身房，薪酬补贴
AI算法实习	250-300/天	合肥	5天/周	10个月	薪火科技	50-150人	人工智能 团队出游，注重实力，双休&五险
图像处理算法工程师	50-100/天	武汉	5天/周	4个月	博联众科	15-50人	激情高效探索 充满活力，同事可爱，接受应届生，激情团队，优秀的团队，氛围和善，职位发展，活力，稳定高速增长，精英团队，创造性强，办公氛围年轻，差旅补贴，实习转正，留用机会
图像算法工程师（2021届毕业生）	200-250/天	上海	4天/周	6个月	CAC	50-150人	提供转正机会 氛围融洽，员工聚餐活动，制度完善，留用机会大，发展机会
策略算法研究工程师实习生	300-500/天	北京	5天/周	12个月	正仁量化	15-50人	成长空间大福利待遇好技术氛围浓厚 
推荐算法实习生（机器学习方向)	150-200/天	北京	4天/周	3个月	新浪	2000人以上	可转正实习免费班车弹性工作 
智能编译实习生	200-200/天	上海	5天/周	12个月	海康威视	2000人以上	资深团队 大平台，锻炼多
机器视觉项目实习生	200-200/天	深圳	5天/周	4个月	慧智星晨	15-50人	周末双休导师制培养团队氛围好年轻人的天下发展平台大下午茶团建福利 成长空间好，广阔的平台，高效办公，弹性时间，开放式管理，团队很和谐，90后的天下，双休&  五险一金，留学，导师制培养
算法实习生	200-250/天	深圳	5天/周	3个月	慧智星晨	15-50人	周末双休 成长空间好，广阔的平台，高效办公，弹性时间，开放式管理，团队很和谐，90后的天下，双休&  五险一金，留学，导师制培养
算法实习生	300-300/天	北京	5天/周	3个月	天眼查	150-500人	大牛云集可转正 优质成长平台，国家高新企业，提供转正机会，大数据公司
【百度自然语言处理部】NLP算法应用实习工程师	150-300/天	深圳	4天/周	3个月	百度	2000人以上	实习证明 
图像算法实习生（医疗AI）	200-300/天	上海	3天/周	3个月	复星集团	2000人以上	医疗AI 远程实习CV大牛 金融，保险，国际化，工作气氛好，开脑洞，高科技，人工智能
算法研发工程师（实习）	120-150/天	深圳	5天/周	5天/周	北斗院	50-150人	生日福利节日福利餐补周末双休实习津贴 90后团队，健身房，法定节假日，有奖励，平台起点高，员工饭堂，互联网精神
机器学习工程师（图像识别方向）	150-200/天	上海	6个月	5天/周	华院数据	2000人以上	福利好发展空间大 学院氛围，很多牛人大咖
算法实习生	150-200/天	上海	3个月	5天/周	上海爱数	500-2000人	可转正实习免费健身房生日会餐补房补 技术牛人云集，办公环境卫生，不打杂！，年底双薪，弹性管理，带薪假期，发工资准时，技术分享，行业领先，五险一金 周末双休
数据分析实习生	250-300/天	北京	3个月	3天/周	快手	2000人以上	实习证明实习津贴地铁周边留学生实习可转正实习远程实习 
机器学习算法实习生	400-400/天	北京	3个月	5天/周	字节跳动	2000人以上	远程实习免费三餐可转正 实习工资高，发展前景好，有挑战性，每日提供水果，正能量，知名度广，美味三餐，各种福利多多，不打杂纯干货，各种福利多多
深度学习、自然语言处理（NLP）算法实习生	250-400/天	北京	4个月	5天/周	滴滴	2000人以上	远程实习可转正实习房补实习津贴弹性工作免费班车 互联网，高逼格大厦，名企实习，各种福利，广阔平台
视觉算法实习生	200-300/天	北京	2个月	3天/周	momenta	150-500人	世界市场前列创业公司前景一级棒 氛围和善，发展迅速
算法标注实习生	100-150/天	上海	3个月	5天/周	字节跳动	2000人以上	下午茶免费三餐免费咖啡节日福利 实习工资高，发展前景好，有挑战性，每日提供水果，正能量，知名度广，美味三餐，各种福利多多，不打杂纯干货，各种福利多多
[2021校招]算法工程师	120-200/天	杭州	3个月	5天/周	国自机器人	500-2000人	实习津贴朝九晚五可转正公司食堂员工宿舍 同事都可爱，创业经验，技术核心，五险一金，花园式公司，公司食堂
机器人感知算法实习生	200-250/天	北京	9个月	5天/周	真机智能	15-50人	行业发展团队氛围 行业大咖，顶尖产品，精益创业，接受应届生，五道口，清华，有创意有乐趣，行业革新者，硅谷風投，无人车
视觉算法实习生-苏州	面议	苏州	4个月	5天/周	momenta	150-500人	氛围好待遇好学习快 氛围和善，发展迅速
算法工程师（实习生）	120-180/天	青岛	12个月	4天/周	中科人工智能	50-150人	转正机会大系统培训周末双休配备公寓工作环境愉悦 周末双休，五险一金，班车接送，包住& 提供公寓，定期团建，人文环境好
深度学习算法研发实习生	300-500/天	北京	9个月	5天/周	momenta	150-500人	一日三餐 健身房高日薪 氛围和善，发展迅速
人工智能团队NLP算法实习生	100-120/天	深圳	3个月	3天/周	万科	2000人以上	世界500强学术氛围领导Nice团队Young创新场景可转正 健身设施，高学历，技术大牛，社会精英集中，实习佳地，团队靠谱
[车影像技术] 计算机视觉算法实习生	80-150/天	深圳	5天/周	12个月	中科龙智	15-50人	人工智能；大牛指导； 前沿技术，常春藤校实习伙伴，人工智能，深度学习，追求极致，国际化团队，开放创新，硅谷创业氛围，团队年轻，实战多成长快
[车影像技术] 计算机视觉算法工程师（实习生）	80-150/天	深圳	5天/周	12个月	中科龙智	15-50人	人工智能 前沿技术，常春藤校实习伙伴，人工智能，深度学习，追求极致，国际化团队，开放创新，硅谷创业氛围，团队年轻，实战多成长快
清华大学网络安全课题组保研实习生	面议	深圳	5天/周	12个月	清华深研院	2000人以上	清华保研实习 
见习研究员（智慧城市--交通方向）	250-300/天	上海	5天/周	6个月	SenseTime商汤科技	150-500人	远程实习可转正实习 高成长，专业培训，各种福利，专业的平台，发展空间，水果管饱，年假，技术提升，待遇不错，有成长空间
【日常实习】算法工程师	250-400/天	上海	4天/周	3个月	PayPal	500-2000人	互联网金融500强外企不修福报 上市公司，氛围欢快，前途好，发展，成长空间，各种牛人，好领导，自由氛围，实习留用机制，终身学习，硅谷范，免费零食茶饮
机器视觉算法工程师	面议	上海	5天/周	12个月	航天智造	50-150人	可转正 结交八方朋友，高端大气，规划，知人善教
语音算法实习生	200-300/天	北京	5天/周	3个月	小米	2000人以上	餐补大厂经验大牛带你飞 上升通道，职位晋升，高人气创始人，快速成长，平台大发展稳健，转正机会大
视觉算法实习生-北京	250-400/天	北京	4天/周	5个月	momenta	150-500人	行业大牛研究氛围 氛围和善，发展迅速
图像深度学习算法工程师	100-200/天	杭州	4天/周	6个月	汉振HANCHINE	15-50人	技术牛人带领可转正实习实习证明 丰厚薪水，技术狂，超有爱，提供零食，团队建设
算法实习生ZP2004241467	150-200/天	北京	5天/周	3个月	京东数科	2000人以上	大牛带餐补免费班车符合条件有房补 科技公司，金融服务，实习留用机制，福利丰富，团队年轻
算法实习生ZP2004248803	150-200/天	北京	5天/周	3个月	京东数科	2000人以上	大牛带餐补免费班车符合条件有房补 科技公司，金融服务，实习留用机制，福利丰富，团队年轻
机器学习算法实习生	250-300/天	北京	3天/周	4个月	Xilinx	2000人以上	福利好氛围好 外国友人多，精英共事，提升个人能力，超有爱，定义未来
算法工程师	150-250/天	杭州	5天/周	3个月	个推	150-500人	校招岗位可以转正大牛多多福利多多 大数据，福利多多，牛人多多，行业领袖，氛围轻松
软件实习生	150-200/天	北京	3天/周	4个月	石头科技	150-500人	大牛带人工智能 
视觉技术部_VAR组编辑实习生	200-250/天	北京	5天/周	4个月	百度	2000人以上	远程实习不打卡房补 年轻团队，有态度
视觉技术部_VAR组目标检测/OCR算法实习生	200-250/天	北京	5天/周	3个月	百度	2000人以上	远程实习不打卡免费健身房 年轻团队，有态度
视觉技术部_VAR组编辑实习生	200-250/天	上海	4天/周	3个月	百度	2000人以上	远程实习免费健身房免费咖啡 年轻团队，有态度
计算机视觉算法研发实习生	80-150/天	重庆	3天/周	4个月	赛迪技术	150-500人	实习证明世界500强国企可转正实习 大型央企，智能制造，研发中心，包吃包住，三星级住宿，星级酒店承包食堂，导师制
图形开发实习生【2021届】	250-500/天	广州	3天/周	5个月	BIGO	2000人以上	餐饮保障 轻松氛围好，知名度广，海外直播，海外短视频
直播推荐算法实习生【2021届】	250-500/天	北京	4天/周	3个月	BIGO	2000人以上	餐饮保障 轻松氛围好，知名度广，海外直播，海外短视频
NLP算法工程师	150-200/天	杭州	5天/周	12个月	一知智能	50-150人	空间大发展快 
算法实习生	100-150/天	重庆	2天/周	4个月	赛迪技术	150-500人	世界五百强央企有泳池包吃住 大型央企，智能制造，研发中心，包吃包住，三星级住宿，星级酒店承包食堂，导师制
[物联安防技术]  OCR算法工程师（实习生）	80-150/天	深圳	4天/周	12个月	中科龙智	15-50人	人工智能 前沿技术，常春藤校实习伙伴，人工智能，深度学习，追求极致，国际化团队，开放创新，硅谷创业氛围，团队年轻，实战多成长快
[通用AI技术] 手势识别算法工程师（实习）	80-150/天	深圳	5天/周	12个月	中科龙智	15-50人	快速成长 前沿技术，常春藤校实习伙伴，人工智能，深度学习，追求极致，国际化团队，开放创新，硅谷创业氛围，团队年轻，实战多成长快
[车影像技术] 计算机视觉算法工程师(实习生)	80-150/天	深圳	5天/周	12个月	中科龙智	15-50人	人工智能；大牛指导； 前沿技术，常春藤校实习伙伴，人工智能，深度学习，追求极致，国际化团队，开放创新，硅谷创业氛围，团队年轻，实战多成长快
[物联安防技术] 双摄图像算法工程师（实习生）	80-150/天	深圳	5天/周	12个月	中科龙智	15-50人	人工智能大牛学习 前沿技术，常春藤校实习伙伴，人工智能，深度学习，追求极致，国际化团队，开放创新，硅谷创业氛围，团队年轻，实战多成长快
[通用AI技术] 通用目标检测算法工程师(实习生)	80-150/天	深圳	5天/周	12个月	中科龙智	15-50人	人工智能大牛指导 前沿技术，常春藤校实习伙伴，人工智能，深度学习，追求极致，国际化团队，开放创新，硅谷创业氛围，团队年轻，实战多成长快
算法工程师实习生	120-150/天	广州	5天/周	9个月	广州丰申	50-150人	可转正福利好 技术大牛坐镇，全是80 90后，团队幽默友善  吃货聚集地，环境超级赞 可以看到小蛮腰，互联网公司  开放透明文化，稳定高速增长 公司将上市，专业化流程效率高，成长体系健全
算法部门实习生（人脸识别）	200-300/天	北京	5天/周	12个月	瞳门科技	15-50人	DL大牛带飞ACMAI人工智能 稳定高速增长，团队靠谱，平台好机会多，开放创新，软件开发，自由、平等，热情，团队实力强，轻松氛围，不定期下午茶
【日常】算法实习生J13063	200-250/天	上海	4天/周	4个月	哈啰出行	-	行业大咖零距离优秀实习生推荐信轻松的工作氛围 
算法实习生	150-200/天	北京	5天/周	3个月	京东数科	2000人以上	大牛带餐补符合条件有房补免费班车 科技公司，金融服务，实习留用机制，福利丰富，团队年轻
视觉算法实习生	150-200/天	北京	5天/周	3个月	京东数科	2000人以上	大牛带餐补缝合条件有房补免费班车 科技公司，金融服务，实习留用机制，福利丰富，团队年轻
算法实习生ZP2003311712	150-200/天	北京	5天/周	3个月	京东数科	2000人以上	大牛带餐补免费班车符合条件有房补 科技公司，金融服务，实习留用机制，福利丰富，团队年轻
语音算法实习生ZP2002266221	150-200/天	北京	5天/周	3个月	京东数科	2000人以上	大牛带餐补免费班车符合条件有房补 科技公司，金融服务，实习留用机制，福利丰富，团队年轻
数据算法实习生ZP2003122547	150-200/天	北京	5天/周	3个月	京东数科	2000人以上	大牛带餐补免费班车符合条件有房补 科技公司，金融服务，实习留用机制，福利丰富，团队年轻
机器视觉算法实习生ZP1908138703	150-200/天	北京	5天/周	3个月	海康威视	2000人以上	大牛带餐补免费班车符合条件有房补 科技公司，金融服务，实习留用机制，福利丰富，团队年轻
算法框架实习生	200-250/天	上海	4天/周	12个月	小米	2000人以上	资深经验团队 大平台，锻炼多
推荐算法工程师(实习生）	150-250/天	北京	4天/周	3个月	观远数据	2000人以上	上市公司世界500强餐补实习证明 上升通道，职位晋升，高人气创始人，快速成长，平台大发展稳健，转正机会大
算法实习生	200-250/天	杭州	3天/周	6个月	滴滴	50-150人	行业大牛大数据AI+BI 互联网精神，培训分享，技术背景，带薪年假，年轻有活力，前沿行业，顶级VC投资
[车影像技术] 深度学习算法工程师 (实习生)	80-150/天	深圳	5天/周	12个月	中科龙智	15-50人	人工智能 前沿技术，常春藤校实习伙伴，人工智能，深度学习，追求极致，国际化团队，开放创新，硅谷创业氛围，团队年轻，实战多成长快
算法应用实习生	200-250/天	上海	4天/周	12个月	海康威视	2000人以上	资深团队 大平台，锻炼多
视觉算法实习生	80-150/天	杭州	3天/周	6个月	Stäubli	500-2000人	免费班车弹性上下班时间入职体检旅游中西工作餐入职培训 重视实习生培训，免费班车，免费工作餐，入职体检，商业保险，旅游，弹性上下班时间，自愿参加正式员工培训
图像采集与调试实习生	150-300/天	上海	3天/周	5个月	AMD	2000人以上	技术先进领导nice世界500强 
算法实习生	400-400/天	北京	3天/周	3个月	字节跳动	2000人以上	技术大牛免费三餐扁平化管理 实习工资高，发展前景好，有挑战性，每日提供水果，正能量，知名度广，美味三餐，各种福利多多，不打杂纯干货，各种福利多多
[通用AI技术] 通用目标检测算法工程师（实习生）	80-150/天	深圳	5天/周	12个月	中科龙智	15-50人	人工智能；大牛指导； 前沿技术，常春藤校实习伙伴，人工智能，深度学习，追求极致，国际化团队，开放创新，硅谷创业氛围，团队年轻，实战多成长快
[物联安防技术] 人脸识别算法工程师（实习生）	80-150/天	深圳	5天/周	12个月	中科龙智	15-50人	快速成长 前沿技术，常春藤校实习伙伴，人工智能，深度学习，追求极致，国际化团队，开放创新，硅谷创业氛围，团队年轻，实战多成长快
[通用AI技术] 医学影像算法工程师（实习）	80-150/天	深圳	5天/周	12个月	中科龙智	15-50人	人工智能 前沿技术，常春藤校实习伙伴，人工智能，深度学习，追求极致，国际化团队，开放创新，硅谷创业氛围，团队年轻，实战多成长快
[无人系统技术] SLAM算法工程师（实习生）	80-150/天	深圳	5天/周	12个月	中科龙智	15-50人	人工智能大牛学习 前沿技术，常春藤校实习伙伴，人工智能，深度学习，追求极致，国际化团队，开放创新，硅谷创业氛围，团队年轻，实战多成长快
[AGV导航技术] SLAM轨迹算法工程师（实习生）	80-150/天	深圳	5天/周	12个月	中科龙智	15-50人	人工智能 前沿技术，常春藤校实习伙伴，人工智能，深度学习，追求极致，国际化团队，开放创新，硅谷创业氛围，团队年轻，实战多成长快
[车影像技术] 驾驶员监控系统算法（实习生）	80-150/天	深圳	5天/周	11个月	中科龙智	15-50人	人工智能 前沿技术，常春藤校实习伙伴，人工智能，深度学习，追求极致，国际化团队，开放创新，硅谷创业氛围，团队年轻，实战多成长快
[通用AI技术] 人体姿态估计算法工程师（实习生）	80-150/天	深圳	5天/周	12个月	中科龙智	15-50人	人工智能；大牛指导； 前沿技术，常春藤校实习伙伴，人工智能，深度学习，追求极致，国际化团队，开放创新，硅谷创业氛围，团队年轻，实战多成长快
视觉算法实习	250-300/天	北京	5天/周	8个月	深尚	50-150人	氛围好，前景大健身零食 全员苹果电脑，舒适办公环境，高新技术企业，年轻 活力，发展机会多，技术前沿
[系统应用技术] 三维点云处理算法工程师（实习生）	80-150/天	深圳	6天/周	12个月	中科龙智	15-50人	人工智能 前沿技术，常春藤校实习伙伴，人工智能，深度学习，追求极致，国际化团队，开放创新，硅谷创业氛围，团队年轻，实战多成长快
推荐算法实习生	250-300/天	北京	5天/周	3个月	滴滴	2000人以上	实习津贴弹性工作 互联网，高逼格大厦，名企实习，各种福利，广阔平台
算法工程师【2020年毕业】	100-200/天	苏州	5天/周	3个月	食行生鲜	500-2000人	生鲜电商大企业 生鲜电商，创业公司，住宿
[通用AI技术] 医学影像算法研究员(实习)	80-150/天	深圳	5天/周	12个月	中科龙智	15-50人	人工智能 前沿技术，常春藤校实习伙伴，人工智能，深度学习，追求极致，国际化团队，开放创新，硅谷创业氛围，团队年轻，实战多成长快
[AGV导航技术] 视觉SLAM算法工程师(实习生)	80-150/天	深圳	5天/周	12个月	中科龙智	15-50人	人工智能 前沿技术，常春藤校实习伙伴，人工智能，深度学习，追求极致，国际化团队，开放创新，硅谷创业氛围，团队年轻，实战多成长快
[通用AI技术] 深度学习算法压缩（实习生）	80-150/天	深圳	5天/周	12个月	中科龙智	15-50人	人工智能大牛指导 前沿技术，常春藤校实习伙伴，人工智能，深度学习，追求极致，国际化团队，开放创新，硅谷创业氛围，团队年轻，实战多成长快
[通用AI技术] 深度学习算法模型压缩（实习生）	80-150/天	深圳	5天/周	12个月	中科龙智	15-50人	人工智能 前沿技术，常春藤校实习伙伴，人工智能，深度学习，追求极致，国际化团队，开放创新，硅谷创业氛围，团队年轻，实战多成长快
算法工程师	200-300/天	南京	5天/周	5个月	泉峰集团	500-2000人	 成长机会多，团体活动，棒棒的
数据挖掘实习生	300-300/天	上海	4天/周	3个月	平安科技	2000人以上	定期技术分享导师制独立建模机会不定期下午茶 
语音算法实习生	200-300/天	北京	3天/周	12个月	循环智能	15-50人	大牛带队扁平化管理领导nice 双休法定假日
通信工程师-算法／仿真／基带DSP	110-190/天	北京	4天/周	12个月	普天技术	500-2000人	大型国企免费午餐和晚餐发展平台 互信互爱，团队很和谐，科研前沿，本科及以上
物理层算法工程师	110-140/天	北京	4天/周	12个月	普天技术	500-2000人	核心岗位发展平台通信 互信互爱，团队很和谐，科研前沿，本科及以上
算法工程师	120-200/天	上海	5天/周	3个月	仙知机器人	50-150人	有大牛弹性工作定期体检餐饮补贴交通补贴五险一金 有竞争力薪资，完备岗位培训，90后为主，平台好，吃货多，老板人好
深度学习算法实习岗	200-250/天	南京	3天/周	8个月	科沃斯机器人	500-2000人	行业龙头公司 实习机会多，平台好，实战，氛围融洽，亿级用户，科技，免费茶饮
应用层软件工程师	120-120/天	成都	3天/周	12个月	李斯特技术中心 	500-2000人	留用机会 
搜索算法实习生	200-200/天	北京	5天/周	12个月	猎聘网	2000人以上	技术大咖团队 用户体验，轻松自由，自我提升，咨询，电脑补助
自然语言处理  实习生	300-400/天	北京	4天/周	8个月	爱奇艺	2000人以上	nlp视频分析人工智能 
语音深度学习算法实习生	100-150/天	北京	4天/周	2个月	中国电信 	500-2000人	免费班车导师指导氛围好 五险一金，带薪年假，免费班车零食，环境轻松
自然语言处理算法实习生	180-300/天	杭州	5天/周	12个月	 中科先进技术研究院	50-150人	双休学习机会带薪假年终奖 完善晋升通道，带薪假，双休，福利补贴好，六险一金，领导nice
算法工程师	400-500/天	北京	5天/周	5个月	文远知行	150-500人	三餐大牛云集零食小吃临近地铁 有机会当老大，实习工资高，收获大，薪酬福利优厚，包三餐，零食水果饮料，健身卡
搜索算法实习生	300-400/天	北京	5天/周	4个月	字节跳动	2000人以上	弹性工作免费三餐悠闲下午茶健身房扁平管理 实习工资高，发展前景好，有挑战性，每日提供水果，正能量，知名度广，美味三餐，各种福利多多，不打杂纯干货，各种福利多多
NLP工程师实习岗位	150-300/天	南京	5天/周	12个月	柯基数据	15-50人	五险一金免费零食饮料周末双休 双休& 五险一金，丰富员工活动
机器学习实习生	200-250/天	南京	5天/周	3个月	南栖仙策	15-50人	高薪住房补贴餐补发展空间大名师指导团队氛围好 工作环境舒适，员工福利多，周末双休，五险一金，14薪
广告算法实习生	400-800/天	北京	3天/周	11个月	hotstar	500-2000人	跨国企业实习时间灵活大牛团队清华南门外United  技术牛人云集，成长快，跨国企业，团队年轻专业，满满实习干货
CV算法实习生	400-800/天	北京	3天/周	11个月	hotstar	500-2000人	跨国企业实习时间灵活大牛团队清华南门外United  技术牛人云集，成长快，跨国企业，团队年轻专业，满满实习干货
推荐算法实习生	400-800/天	北京	3天/周	11个月	hotstar	500-2000人	跨国企业大牛团队时间灵活清华南门外United  技术牛人云集，成长快，跨国企业，团队年轻专业，满满实习干货
算法工程师	150-200/天	北京,广州	5天/周	3个月	恒安嘉新	500-2000人	北京市户口五险一金弹性工作时间双休 网络安全，大牛云集，超大数据，年轻团队，发展迅速
人脸识别技术组-算法实习生	300-300/天	深圳	5天/周	7个月	平安科技	2000人以上	技术大牛 
3D 图形工程师实习生	200-300/天	北京	5天/周	6个月	平安科技	2000人以上	转正机会福利超多 
算法工程师	180-200/天	北京	5天/周	4个月	六方云	50-150人	转正机会大牛带队 有信仰，有文化，爱学习，爱客户，以奋斗者为资本，行业大牛云集
3D目标检测算法实习生	200-300/天	北京	5天/周	5个月	纵目科技	150-500人	自动驾驶领域直 发展潜力大，活跃的工作环境，团队体验，棒棒的，开放创新，追逐梦想
NLP算法实习生（北京）	200-260/天	北京	4天/周	4个月	滴滴	2000人以上	 互联网，高逼格大厦，名企实习，各种福利，广阔平台
2020校招-定位与感知算法工程师	180-250/天	北京,上海,深圳	5天/周	11个月	驭势科技	150-500人	午餐补助弹性工作技能培训岗位晋升五险一金租房补贴 智能驾驶，无人驾驶，人工智能，系统优化，自动驾驶，深度学习，大数据，云计算，物联网
2020校招-规划控制算法工程师	180-250/天	北京,上海	5天/周	11个月	驭势科技	150-500人	午餐补助弹性工作技能培训岗位晋升五险一金租房补贴 智能驾驶，无人驾驶，人工智能，系统优化，自动驾驶，深度学习，大数据，云计算，物联网
2020校招-计算机视觉算法工程师	180-250/天	北京,南京	5天/周	11个月	驭势科技	150-500人	午餐补助弹性工作技能培训岗位晋升五险一金租房补贴 智能驾驶，无人驾驶，人工智能，系统优化，自动驾驶，深度学习，大数据，云计算，物联网
2020校招-基础算法工程师	180-250/天	北京	5天/周	11个月	驭势科技	150-500人	午餐补助弹性工作技能培训岗位晋升五险一金租房补贴 智能驾驶，无人驾驶，人工智能，系统优化，自动驾驶，深度学习，大数据，云计算，物联网
2020校招-系统算法工程师	180-250/天	上海	5天/周	11个月	驭势科技	150-500人	午餐补助弹性工作技能培训岗位晋升五险一金租房补贴 智能驾驶，无人驾驶，人工智能，系统优化，自动驾驶，深度学习，大数据，云计算，物联网
2020校招-车联网平台算法工程师	180-250/天	上海	5天/周	11个月	驭势科技	150-500人	午餐补助弹性工作技能培训岗位晋升五险一金租房补贴 智能驾驶，无人驾驶，人工智能，系统优化，自动驾驶，深度学习，大数据，云计算，物联网
图像算法实习生（北京）	200-260/天	北京	4天/周	4个月	滴滴	2000人以上	 互联网，高逼格大厦，名企实习，各种福利，广阔平台
广告算法工程师	150-250/天	北京	4天/周	4个月	Opera	150-500人	 带薪休假，转正，年轻化团队，团队气氛超赞，海外足球，外商独资
算法实习生（上海）	200-260/天	上海	4天/周	4个月	滴滴	2000人以上	 互联网，高逼格大厦，名企实习，各种福利，广阔平台
算法工程师	250-400/天	北京	4天/周	12个月	Baca	15-50人	大牛带队技术氛围合理薪酬不打卡弹性工作制午餐补贴 
推荐系统研发工程师	250-400/天	北京	4天/周	12个月	Baca	15-50人	合理薪酬午餐补贴大牛带队节假日福利弹性工作制不打卡 
机器学习算法工程师/AI算法工程师	150-200/天	北京	5天/周	12个月	倍赛数据	50-150人	有大拿亲自带免费零食饮料 不撕逼的团队，没有拘束，数据分析，提供茶饮零食，团队幽默友善
NLP算法实习生	250-400/天	北京	4天/周	12个月	Baca	15-50人	高日薪午餐补贴大牛带队节日福利不打卡技术氛围 
图像处理算法工程师	150-200/天	上海	3天/周	13个月	联想集团上海研究院	2000人以上	福利待遇良好 氛围国际化，领导同事都很nice，有发展前景，多种福利
算法工程师（2019校招）	200-250/天	北京	4天/周	3个月	掌阅iReader	500-2000人	上市公司丰富福利数据驱动 美味中晚餐，环境棒，下午茶福利，独角兽企业，商业医疗保险，大咖级同事，节日补贴，扁平化管理，年终奖，最佳雇主
机器学习实习生	150-200/天	北京	5天/周	4个月	京东	2000人以上	覆盖北京全城的上下班通勤班车免费晚餐+每日餐补 
计算机视觉方向深度学习算法工程师实习生	100-150/天	北京	5天/周	4个月	京东	2000人以上	覆盖北京全城的上下班通勤班车免费晚餐+每日餐补 
计算机视觉方向深度学习算法工程师实习生	面议	北京	5天/周	4个月	京东	2000人以上	覆盖北京全城的上下班通勤班车免费晚餐+每日餐补 
数据分析员实习生	100-200/天	上海	5天/周	3个月	春秋航	2000人以上	管理扁平直签三方 同事可爱，接收应届生，接触面广，脚踏实地，车补餐补，晋升机会
